cohortId,cohortName,generationStatus,startTime,endTime
1,SWT breast cancer with cancer surgery within 30 days before diagnosis,COMPLETE,2024-11-03T10:25:11Z,2024-11-03T10:30:26Z
2,SWT breast cancer with no prior cancer treatment,COMPLETE,2024-11-03T10:30:27Z,2024-11-03T10:34:11Z
3,SWT colorectal cancer with cancer surgery within 30 days before diagnosis,COMPLETE,2024-11-03T10:34:12Z,2024-11-03T10:45:33Z
4,SWT colorectal cancer with no prior cancer treatment,COMPLETE,2024-11-03T10:45:33Z,2024-11-03T10:48:55Z
5,SWT esophagus cancer with cancer surgery within 30 days before diagnosis,COMPLETE,2024-11-03T10:48:56Z,2024-11-03T10:49:58Z
6,SWT esophagus cancer with no prior cancer treatment,COMPLETE,2024-11-03T10:49:58Z,2024-11-03T10:50:31Z
7,SWT lung cancer with cancer surgery within 30 days before diagnosis,COMPLETE,2024-11-03T10:50:31Z,2024-11-03T10:51:54Z
8,SWT lung cancer with no prior cancer treatment,COMPLETE,2024-11-03T10:51:54Z,2024-11-03T10:52:33Z
9,SWT breast surgery outcome,COMPLETE,2024-11-03T10:52:33Z,2024-11-03T10:52:40Z
10,SWT colorectal surgery outcome,COMPLETE,2024-11-03T10:52:40Z,2024-11-03T10:52:54Z
11,SWT esophagus surgery outcome,COMPLETE,2024-11-03T10:52:55Z,2024-11-03T10:53:09Z
12,SWT lung surgery outcome,COMPLETE,2024-11-03T10:53:09Z,2024-11-03T10:53:19Z
