id,name,type,entries,subjects,file,database,sourceReleaseDate,cdmReleaseDate,cdmVersion,vocabularyVersion
1,SWT breast cancer with cancer surgery within 30 days before diagnosis,target,7,7,C:/Users/alexander_aleksiayuk/D/clientProjects/NY/SurgeryWaitTime/cohortsToCreate/01_target/SWT breast cancer with cancer surgery within 30 days before diagnosis.json,synpuf110k,2019-10-02,2019-10-07,v5.3.1,v5.0 17-JUN-19
2,SWT breast cancer with no prior cancer treatment,target,151,151,C:/Users/alexander_aleksiayuk/D/clientProjects/NY/SurgeryWaitTime/cohortsToCreate/01_target/SWT breast cancer with no prior cancer treatment.json,synpuf110k,2019-10-02,2019-10-07,v5.3.1,v5.0 17-JUN-19
3,SWT colorectal cancer with cancer surgery within 30 days before diagnosis,target,18,18,C:/Users/alexander_aleksiayuk/D/clientProjects/NY/SurgeryWaitTime/cohortsToCreate/01_target/SWT colorectal cancer with cancer surgery within 30 days before diagnosis.json,synpuf110k,2019-10-02,2019-10-07,v5.3.1,v5.0 17-JUN-19
4,SWT colorectal cancer with no prior cancer treatment,target,884,884,C:/Users/alexander_aleksiayuk/D/clientProjects/NY/SurgeryWaitTime/cohortsToCreate/01_target/SWT colorectal cancer with no prior cancer treatment.json,synpuf110k,2019-10-02,2019-10-07,v5.3.1,v5.0 17-JUN-19
5,SWT esophagus cancer with cancer surgery within 30 days before diagnosis,target,0,0,C:/Users/alexander_aleksiayuk/D/clientProjects/NY/SurgeryWaitTime/cohortsToCreate/01_target/SWT esophagus cancer with cancer surgery within 30 days before diagnosis.json,synpuf110k,2019-10-02,2019-10-07,v5.3.1,v5.0 17-JUN-19
6,SWT esophagus cancer with no prior cancer treatment,target,21,21,C:/Users/alexander_aleksiayuk/D/clientProjects/NY/SurgeryWaitTime/cohortsToCreate/01_target/SWT esophagus cancer with no prior cancer treatment.json,synpuf110k,2019-10-02,2019-10-07,v5.3.1,v5.0 17-JUN-19
7,SWT lung cancer with cancer surgery within 30 days before diagnosis,target,0,0,C:/Users/alexander_aleksiayuk/D/clientProjects/NY/SurgeryWaitTime/cohortsToCreate/01_target/SWT lung cancer with cancer surgery within 30 days before diagnosis.json,synpuf110k,2019-10-02,2019-10-07,v5.3.1,v5.0 17-JUN-19
8,SWT lung cancer with no prior cancer treatment,target,271,271,C:/Users/alexander_aleksiayuk/D/clientProjects/NY/SurgeryWaitTime/cohortsToCreate/01_target/SWT lung cancer with no prior cancer treatment.json,synpuf110k,2019-10-02,2019-10-07,v5.3.1,v5.0 17-JUN-19
9,SWT breast surgery outcome,outcomeSurgeries,1379,1379,C:/Users/alexander_aleksiayuk/D/clientProjects/NY/SurgeryWaitTime/cohortsToCreate/02_outcomeSurgeries/SWT breast surgery outcome.json,synpuf110k,2019-10-02,2019-10-07,v5.3.1,v5.0 17-JUN-19
10,SWT colorectal surgery outcome,outcomeSurgeries,9471,9471,C:/Users/alexander_aleksiayuk/D/clientProjects/NY/SurgeryWaitTime/cohortsToCreate/02_outcomeSurgeries/SWT colorectal surgery outcome.json,synpuf110k,2019-10-02,2019-10-07,v5.3.1,v5.0 17-JUN-19
11,SWT esophagus surgery outcome,outcomeSurgeries,360,360,C:/Users/alexander_aleksiayuk/D/clientProjects/NY/SurgeryWaitTime/cohortsToCreate/02_outcomeSurgeries/SWT esophagus surgery outcome.json,synpuf110k,2019-10-02,2019-10-07,v5.3.1,v5.0 17-JUN-19
12,SWT lung surgery outcome,outcomeSurgeries,173,173,C:/Users/alexander_aleksiayuk/D/clientProjects/NY/SurgeryWaitTime/cohortsToCreate/02_outcomeSurgeries/SWT lung surgery outcome.json,synpuf110k,2019-10-02,2019-10-07,v5.3.1,v5.0 17-JUN-19
