cohortDefinitionId,n,pct,name,analysisId,conceptId,valueAsConceptId,collisions,timeWindow,database,covId
1,1,0.14285714285714285,SWT colorectal surgery outcome,999,0,NA,NA,0_183,synpuf110k,10
1,7,1,SWT breast surgery outcome,999,0,NA,NA,0_183,synpuf110k,9
1,1,0.14285714285714285,SWT colorectal surgery outcome,999,0,NA,NA,0_9999,synpuf110k,10
1,7,1,SWT breast surgery outcome,999,0,NA,NA,0_9999,synpuf110k,9
1,1,0.14285714285714285,SWT colorectal surgery outcome,999,0,NA,NA,1_183,synpuf110k,10
1,7,1,SWT breast surgery outcome,999,0,NA,NA,1_183,synpuf110k,9
1,1,0.14285714285714285,SWT colorectal surgery outcome,999,0,NA,NA,1_9999,synpuf110k,10
1,7,1,SWT breast surgery outcome,999,0,NA,NA,1_9999,synpuf110k,9
1019,1,0.14285714285714285,SWT colorectal surgery outcome,999,0,NA,NA,0_183,synpuf110k,10
1019,7,1,SWT breast surgery outcome,999,0,NA,NA,0_183,synpuf110k,9
1019,1,0.14285714285714285,SWT colorectal surgery outcome,999,0,NA,NA,0_9999,synpuf110k,10
1019,7,1,SWT breast surgery outcome,999,0,NA,NA,0_9999,synpuf110k,9
1019,1,0.14285714285714285,SWT colorectal surgery outcome,999,0,NA,NA,1_183,synpuf110k,10
1019,7,1,SWT breast surgery outcome,999,0,NA,NA,1_183,synpuf110k,9
1019,1,0.14285714285714285,SWT colorectal surgery outcome,999,0,NA,NA,1_9999,synpuf110k,10
1019,7,1,SWT breast surgery outcome,999,0,NA,NA,1_9999,synpuf110k,9
2,11,0.0728476821192053,SWT colorectal surgery outcome,999,0,NA,NA,0_183,synpuf110k,10
2,13,0.08609271523178808,SWT colorectal surgery outcome,999,0,NA,NA,0_9999,synpuf110k,10
2,11,0.0728476821192053,SWT colorectal surgery outcome,999,0,NA,NA,1_183,synpuf110k,10
2,13,0.08609271523178808,SWT colorectal surgery outcome,999,0,NA,NA,1_9999,synpuf110k,10
2007,3,0.08823529411764706,SWT colorectal surgery outcome,999,0,NA,NA,0_183,synpuf110k,10
2007,3,0.08823529411764706,SWT colorectal surgery outcome,999,0,NA,NA,0_9999,synpuf110k,10
2007,3,0.08823529411764706,SWT colorectal surgery outcome,999,0,NA,NA,1_183,synpuf110k,10
2007,3,0.08823529411764706,SWT colorectal surgery outcome,999,0,NA,NA,1_9999,synpuf110k,10
2008,5,0.07936507936507936,SWT colorectal surgery outcome,999,0,NA,NA,0_183,synpuf110k,10
2008,6,0.09523809523809525,SWT colorectal surgery outcome,999,0,NA,NA,0_9999,synpuf110k,10
2008,5,0.07936507936507936,SWT colorectal surgery outcome,999,0,NA,NA,1_183,synpuf110k,10
2008,6,0.09523809523809525,SWT colorectal surgery outcome,999,0,NA,NA,1_9999,synpuf110k,10
2009,1,0.03333333333333333,SWT colorectal surgery outcome,999,0,NA,NA,0_183,synpuf110k,10
2009,1,0.03333333333333333,SWT colorectal surgery outcome,999,0,NA,NA,0_9999,synpuf110k,10
2009,1,0.03333333333333333,SWT colorectal surgery outcome,999,0,NA,NA,1_183,synpuf110k,10
2009,1,0.03333333333333333,SWT colorectal surgery outcome,999,0,NA,NA,1_9999,synpuf110k,10
2010,1,0.14285714285714285,SWT colorectal surgery outcome,999,0,NA,NA,0_9999,synpuf110k,10
2010,1,0.14285714285714285,SWT colorectal surgery outcome,999,0,NA,NA,1_9999,synpuf110k,10
2012,1,0.01538461538461538,SWT colorectal surgery outcome,999,0,NA,NA,0_183,synpuf110k,10
2012,2,0.03076923076923077,SWT colorectal surgery outcome,999,0,NA,NA,0_9999,synpuf110k,10
2012,1,0.01538461538461538,SWT colorectal surgery outcome,999,0,NA,NA,1_183,synpuf110k,10
2012,2,0.03076923076923077,SWT colorectal surgery outcome,999,0,NA,NA,1_9999,synpuf110k,10
2013,10,0.11627906976744186,SWT colorectal surgery outcome,999,0,NA,NA,0_183,synpuf110k,10
2013,11,0.12790697674418605,SWT colorectal surgery outcome,999,0,NA,NA,0_9999,synpuf110k,10
2013,10,0.11627906976744186,SWT colorectal surgery outcome,999,0,NA,NA,1_183,synpuf110k,10
2013,11,0.12790697674418605,SWT colorectal surgery outcome,999,0,NA,NA,1_9999,synpuf110k,10
2015,9,0.07086614173228346,SWT colorectal surgery outcome,999,0,NA,NA,0_183,synpuf110k,10
2015,11,0.08661417322834646,SWT colorectal surgery outcome,999,0,NA,NA,0_9999,synpuf110k,10
2015,9,0.07086614173228346,SWT colorectal surgery outcome,999,0,NA,NA,1_183,synpuf110k,10
2015,11,0.08661417322834646,SWT colorectal surgery outcome,999,0,NA,NA,1_9999,synpuf110k,10
2017,2,0.2,SWT colorectal surgery outcome,999,0,NA,NA,0_183,synpuf110k,10
2017,2,0.2,SWT colorectal surgery outcome,999,0,NA,NA,0_9999,synpuf110k,10
2017,2,0.2,SWT colorectal surgery outcome,999,0,NA,NA,1_183,synpuf110k,10
2017,2,0.2,SWT colorectal surgery outcome,999,0,NA,NA,1_9999,synpuf110k,10
2019,9,0.06164383561643835,SWT colorectal surgery outcome,999,0,NA,NA,0_183,synpuf110k,10
2019,11,0.07534246575342465,SWT colorectal surgery outcome,999,0,NA,NA,0_9999,synpuf110k,10
2019,9,0.06164383561643835,SWT colorectal surgery outcome,999,0,NA,NA,1_183,synpuf110k,10
2019,11,0.07534246575342465,SWT colorectal surgery outcome,999,0,NA,NA,1_9999,synpuf110k,10
3,18,1,SWT colorectal surgery outcome,999,0,NA,NA,0_183,synpuf110k,10
3,18,1,SWT colorectal surgery outcome,999,0,NA,NA,0_9999,synpuf110k,10
3,18,1,SWT colorectal surgery outcome,999,0,NA,NA,1_183,synpuf110k,10
3,18,1,SWT colorectal surgery outcome,999,0,NA,NA,1_9999,synpuf110k,10
3008,9,1,SWT colorectal surgery outcome,999,0,NA,NA,0_183,synpuf110k,10
3008,9,1,SWT colorectal surgery outcome,999,0,NA,NA,0_9999,synpuf110k,10
3008,9,1,SWT colorectal surgery outcome,999,0,NA,NA,1_183,synpuf110k,10
3008,9,1,SWT colorectal surgery outcome,999,0,NA,NA,1_9999,synpuf110k,10
3012,7,1,SWT colorectal surgery outcome,999,0,NA,NA,0_183,synpuf110k,10
3012,7,1,SWT colorectal surgery outcome,999,0,NA,NA,0_9999,synpuf110k,10
3012,7,1,SWT colorectal surgery outcome,999,0,NA,NA,1_183,synpuf110k,10
3012,7,1,SWT colorectal surgery outcome,999,0,NA,NA,1_9999,synpuf110k,10
3013,11,1,SWT colorectal surgery outcome,999,0,NA,NA,0_183,synpuf110k,10
3013,11,1,SWT colorectal surgery outcome,999,0,NA,NA,0_9999,synpuf110k,10
3013,11,1,SWT colorectal surgery outcome,999,0,NA,NA,1_183,synpuf110k,10
3013,11,1,SWT colorectal surgery outcome,999,0,NA,NA,1_9999,synpuf110k,10
3015,13,1,SWT colorectal surgery outcome,999,0,NA,NA,0_183,synpuf110k,10
3015,13,1,SWT colorectal surgery outcome,999,0,NA,NA,0_9999,synpuf110k,10
3015,13,1,SWT colorectal surgery outcome,999,0,NA,NA,1_183,synpuf110k,10
3015,13,1,SWT colorectal surgery outcome,999,0,NA,NA,1_9999,synpuf110k,10
3019,17,1,SWT colorectal surgery outcome,999,0,NA,NA,0_183,synpuf110k,10
3019,17,1,SWT colorectal surgery outcome,999,0,NA,NA,0_9999,synpuf110k,10
3019,17,1,SWT colorectal surgery outcome,999,0,NA,NA,1_183,synpuf110k,10
3019,17,1,SWT colorectal surgery outcome,999,0,NA,NA,1_9999,synpuf110k,10
4,25,0.02828054298642534,SWT colorectal surgery outcome,999,0,NA,NA,0_183,synpuf110k,10
4,2,0.00226244343891402,SWT esophagus surgery outcome,999,0,NA,NA,0_183,synpuf110k,11
4,7,0.00791855203619909,SWT breast surgery outcome,999,0,NA,NA,0_183,synpuf110k,9
4,56,0.06334841628959276,SWT colorectal surgery outcome,999,0,NA,NA,0_9999,synpuf110k,10
4,4,0.00452488687782805,SWT esophagus surgery outcome,999,0,NA,NA,0_9999,synpuf110k,11
4,1,0.00113122171945701,SWT lung surgery outcome,999,0,NA,NA,0_9999,synpuf110k,12
4,9,0.01018099547511312,SWT breast surgery outcome,999,0,NA,NA,0_9999,synpuf110k,9
4,25,0.02828054298642534,SWT colorectal surgery outcome,999,0,NA,NA,1_183,synpuf110k,10
4,2,0.00226244343891402,SWT esophagus surgery outcome,999,0,NA,NA,1_183,synpuf110k,11
4,7,0.00791855203619909,SWT breast surgery outcome,999,0,NA,NA,1_183,synpuf110k,9
4,56,0.06334841628959276,SWT colorectal surgery outcome,999,0,NA,NA,1_9999,synpuf110k,10
4,4,0.00452488687782805,SWT esophagus surgery outcome,999,0,NA,NA,1_9999,synpuf110k,11
4,1,0.00113122171945701,SWT lung surgery outcome,999,0,NA,NA,1_9999,synpuf110k,12
4,9,0.01018099547511312,SWT breast surgery outcome,999,0,NA,NA,1_9999,synpuf110k,9
4004,1,0.0588235294117647,SWT breast surgery outcome,999,0,NA,NA,0_183,synpuf110k,9
4004,1,0.0588235294117647,SWT breast surgery outcome,999,0,NA,NA,0_9999,synpuf110k,9
4004,1,0.0588235294117647,SWT breast surgery outcome,999,0,NA,NA,1_183,synpuf110k,9
4004,1,0.0588235294117647,SWT breast surgery outcome,999,0,NA,NA,1_9999,synpuf110k,9
4005,1,0.02564102564102564,SWT colorectal surgery outcome,999,0,NA,NA,0_183,synpuf110k,10
4005,4,0.10256410256410256,SWT colorectal surgery outcome,999,0,NA,NA,0_9999,synpuf110k,10
4005,1,0.02564102564102564,SWT colorectal surgery outcome,999,0,NA,NA,1_183,synpuf110k,10
4005,4,0.10256410256410256,SWT colorectal surgery outcome,999,0,NA,NA,1_9999,synpuf110k,10
4006,2,0.0392156862745098,SWT colorectal surgery outcome,999,0,NA,NA,0_183,synpuf110k,10
4006,5,0.09803921568627452,SWT colorectal surgery outcome,999,0,NA,NA,0_9999,synpuf110k,10
4006,2,0.0392156862745098,SWT colorectal surgery outcome,999,0,NA,NA,1_183,synpuf110k,10
4006,5,0.09803921568627452,SWT colorectal surgery outcome,999,0,NA,NA,1_9999,synpuf110k,10
4007,3,0.01546391752577319,SWT colorectal surgery outcome,999,0,NA,NA,0_183,synpuf110k,10
4007,9,0.04639175257731959,SWT colorectal surgery outcome,999,0,NA,NA,0_9999,synpuf110k,10
4007,3,0.01546391752577319,SWT colorectal surgery outcome,999,0,NA,NA,1_183,synpuf110k,10
4007,9,0.04639175257731959,SWT colorectal surgery outcome,999,0,NA,NA,1_9999,synpuf110k,10
4008,11,0.03481012658227848,SWT colorectal surgery outcome,999,0,NA,NA,0_183,synpuf110k,10
4008,2,0.00632911392405063,SWT esophagus surgery outcome,999,0,NA,NA,0_183,synpuf110k,11
4008,2,0.00632911392405063,SWT breast surgery outcome,999,0,NA,NA,0_183,synpuf110k,9
4008,18,0.05696202531645569,SWT colorectal surgery outcome,999,0,NA,NA,0_9999,synpuf110k,10
4008,3,0.00949367088607595,SWT esophagus surgery outcome,999,0,NA,NA,0_9999,synpuf110k,11
4008,1,0.00316455696202531,SWT lung surgery outcome,999,0,NA,NA,0_9999,synpuf110k,12
4008,3,0.00949367088607595,SWT breast surgery outcome,999,0,NA,NA,0_9999,synpuf110k,9
4008,11,0.03481012658227848,SWT colorectal surgery outcome,999,0,NA,NA,1_183,synpuf110k,10
4008,2,0.00632911392405063,SWT esophagus surgery outcome,999,0,NA,NA,1_183,synpuf110k,11
4008,2,0.00632911392405063,SWT breast surgery outcome,999,0,NA,NA,1_183,synpuf110k,9
4008,18,0.05696202531645569,SWT colorectal surgery outcome,999,0,NA,NA,1_9999,synpuf110k,10
4008,3,0.00949367088607595,SWT esophagus surgery outcome,999,0,NA,NA,1_9999,synpuf110k,11
4008,1,0.00316455696202531,SWT lung surgery outcome,999,0,NA,NA,1_9999,synpuf110k,12
4008,3,0.00949367088607595,SWT breast surgery outcome,999,0,NA,NA,1_9999,synpuf110k,9
4009,6,0.02941176470588235,SWT colorectal surgery outcome,999,0,NA,NA,0_183,synpuf110k,10
4009,3,0.01470588235294117,SWT breast surgery outcome,999,0,NA,NA,0_183,synpuf110k,9
4009,15,0.07352941176470588,SWT colorectal surgery outcome,999,0,NA,NA,0_9999,synpuf110k,10
4009,1,0.00490196078431372,SWT esophagus surgery outcome,999,0,NA,NA,0_9999,synpuf110k,11
4009,4,0.0196078431372549,SWT breast surgery outcome,999,0,NA,NA,0_9999,synpuf110k,9
4009,6,0.02941176470588235,SWT colorectal surgery outcome,999,0,NA,NA,1_183,synpuf110k,10
4009,3,0.01470588235294117,SWT breast surgery outcome,999,0,NA,NA,1_183,synpuf110k,9
4009,15,0.07352941176470588,SWT colorectal surgery outcome,999,0,NA,NA,1_9999,synpuf110k,10
4009,1,0.00490196078431372,SWT esophagus surgery outcome,999,0,NA,NA,1_9999,synpuf110k,11
4009,4,0.0196078431372549,SWT breast surgery outcome,999,0,NA,NA,1_9999,synpuf110k,9
4010,2,0.03846153846153846,SWT colorectal surgery outcome,999,0,NA,NA,0_183,synpuf110k,10
4010,1,0.01923076923076923,SWT breast surgery outcome,999,0,NA,NA,0_183,synpuf110k,9
4010,5,0.09615384615384616,SWT colorectal surgery outcome,999,0,NA,NA,0_9999,synpuf110k,10
4010,1,0.01923076923076923,SWT breast surgery outcome,999,0,NA,NA,0_9999,synpuf110k,9
4010,2,0.03846153846153846,SWT colorectal surgery outcome,999,0,NA,NA,1_183,synpuf110k,10
4010,1,0.01923076923076923,SWT breast surgery outcome,999,0,NA,NA,1_183,synpuf110k,9
4010,5,0.09615384615384616,SWT colorectal surgery outcome,999,0,NA,NA,1_9999,synpuf110k,10
4010,1,0.01923076923076923,SWT breast surgery outcome,999,0,NA,NA,1_9999,synpuf110k,9
4012,11,0.03013698630136986,SWT colorectal surgery outcome,999,0,NA,NA,0_183,synpuf110k,10
4012,1,0.00273972602739726,SWT esophagus surgery outcome,999,0,NA,NA,0_183,synpuf110k,11
4012,2,0.00547945205479452,SWT breast surgery outcome,999,0,NA,NA,0_183,synpuf110k,9
4012,22,0.06027397260273973,SWT colorectal surgery outcome,999,0,NA,NA,0_9999,synpuf110k,10
4012,1,0.00273972602739726,SWT esophagus surgery outcome,999,0,NA,NA,0_9999,synpuf110k,11
4012,1,0.00273972602739726,SWT lung surgery outcome,999,0,NA,NA,0_9999,synpuf110k,12
4012,4,0.01095890410958904,SWT breast surgery outcome,999,0,NA,NA,0_9999,synpuf110k,9
4012,11,0.03013698630136986,SWT colorectal surgery outcome,999,0,NA,NA,1_183,synpuf110k,10
4012,1,0.00273972602739726,SWT esophagus surgery outcome,999,0,NA,NA,1_183,synpuf110k,11
4012,2,0.00547945205479452,SWT breast surgery outcome,999,0,NA,NA,1_183,synpuf110k,9
4012,22,0.06027397260273973,SWT colorectal surgery outcome,999,0,NA,NA,1_9999,synpuf110k,10
4012,1,0.00273972602739726,SWT esophagus surgery outcome,999,0,NA,NA,1_9999,synpuf110k,11
4012,1,0.00273972602739726,SWT lung surgery outcome,999,0,NA,NA,1_9999,synpuf110k,12
4012,4,0.01095890410958904,SWT breast surgery outcome,999,0,NA,NA,1_9999,synpuf110k,9
4013,14,0.02697495183044316,SWT colorectal surgery outcome,999,0,NA,NA,0_183,synpuf110k,10
4013,1,0.00192678227360308,SWT esophagus surgery outcome,999,0,NA,NA,0_183,synpuf110k,11
4013,5,0.00963391136801541,SWT breast surgery outcome,999,0,NA,NA,0_183,synpuf110k,9
4013,34,0.06551059730250482,SWT colorectal surgery outcome,999,0,NA,NA,0_9999,synpuf110k,10
4013,3,0.00578034682080924,SWT esophagus surgery outcome,999,0,NA,NA,0_9999,synpuf110k,11
4013,5,0.00963391136801541,SWT breast surgery outcome,999,0,NA,NA,0_9999,synpuf110k,9
4013,14,0.02697495183044316,SWT colorectal surgery outcome,999,0,NA,NA,1_183,synpuf110k,10
4013,1,0.00192678227360308,SWT esophagus surgery outcome,999,0,NA,NA,1_183,synpuf110k,11
4013,5,0.00963391136801541,SWT breast surgery outcome,999,0,NA,NA,1_183,synpuf110k,9
4013,34,0.06551059730250482,SWT colorectal surgery outcome,999,0,NA,NA,1_9999,synpuf110k,10
4013,3,0.00578034682080924,SWT esophagus surgery outcome,999,0,NA,NA,1_9999,synpuf110k,11
4013,5,0.00963391136801541,SWT breast surgery outcome,999,0,NA,NA,1_9999,synpuf110k,9
4014,4,0.04545454545454545,SWT colorectal surgery outcome,999,0,NA,NA,0_183,synpuf110k,10
4014,2,0.02272727272727272,SWT breast surgery outcome,999,0,NA,NA,0_183,synpuf110k,9
4014,6,0.06818181818181818,SWT colorectal surgery outcome,999,0,NA,NA,0_9999,synpuf110k,10
4014,2,0.02272727272727272,SWT breast surgery outcome,999,0,NA,NA,0_9999,synpuf110k,9
4014,4,0.04545454545454545,SWT colorectal surgery outcome,999,0,NA,NA,1_183,synpuf110k,10
4014,2,0.02272727272727272,SWT breast surgery outcome,999,0,NA,NA,1_183,synpuf110k,9
4014,6,0.06818181818181818,SWT colorectal surgery outcome,999,0,NA,NA,1_9999,synpuf110k,10
4014,2,0.02272727272727272,SWT breast surgery outcome,999,0,NA,NA,1_9999,synpuf110k,9
4015,21,0.02830188679245283,SWT colorectal surgery outcome,999,0,NA,NA,0_183,synpuf110k,10
4015,1,0.0013477088948787,SWT esophagus surgery outcome,999,0,NA,NA,0_183,synpuf110k,11
4015,5,0.00673854447439353,SWT breast surgery outcome,999,0,NA,NA,0_183,synpuf110k,9
4015,47,0.06334231805929919,SWT colorectal surgery outcome,999,0,NA,NA,0_9999,synpuf110k,10
4015,3,0.00404312668463611,SWT esophagus surgery outcome,999,0,NA,NA,0_9999,synpuf110k,11
4015,7,0.00943396226415094,SWT breast surgery outcome,999,0,NA,NA,0_9999,synpuf110k,9
4015,21,0.02830188679245283,SWT colorectal surgery outcome,999,0,NA,NA,1_183,synpuf110k,10
4015,1,0.0013477088948787,SWT esophagus surgery outcome,999,0,NA,NA,1_183,synpuf110k,11
4015,5,0.00673854447439353,SWT breast surgery outcome,999,0,NA,NA,1_183,synpuf110k,9
4015,47,0.06334231805929919,SWT colorectal surgery outcome,999,0,NA,NA,1_9999,synpuf110k,10
4015,3,0.00404312668463611,SWT esophagus surgery outcome,999,0,NA,NA,1_9999,synpuf110k,11
4015,7,0.00943396226415094,SWT breast surgery outcome,999,0,NA,NA,1_9999,synpuf110k,9
4017,1,0.01851851851851851,SWT esophagus surgery outcome,999,0,NA,NA,0_183,synpuf110k,11
4017,3,0.05555555555555555,SWT colorectal surgery outcome,999,0,NA,NA,0_9999,synpuf110k,10
4017,1,0.01851851851851851,SWT esophagus surgery outcome,999,0,NA,NA,0_9999,synpuf110k,11
4017,1,0.01851851851851851,SWT lung surgery outcome,999,0,NA,NA,0_9999,synpuf110k,12
4017,1,0.01851851851851851,SWT esophagus surgery outcome,999,0,NA,NA,1_183,synpuf110k,11
4017,3,0.05555555555555555,SWT colorectal surgery outcome,999,0,NA,NA,1_9999,synpuf110k,10
4017,1,0.01851851851851851,SWT esophagus surgery outcome,999,0,NA,NA,1_9999,synpuf110k,11
4017,1,0.01851851851851851,SWT lung surgery outcome,999,0,NA,NA,1_9999,synpuf110k,12
4019,25,0.02883506343713956,SWT colorectal surgery outcome,999,0,NA,NA,0_183,synpuf110k,10
4019,2,0.00230680507497116,SWT esophagus surgery outcome,999,0,NA,NA,0_183,synpuf110k,11
4019,7,0.00807381776239907,SWT breast surgery outcome,999,0,NA,NA,0_183,synpuf110k,9
4019,56,0.06459054209919261,SWT colorectal surgery outcome,999,0,NA,NA,0_9999,synpuf110k,10
4019,4,0.00461361014994233,SWT esophagus surgery outcome,999,0,NA,NA,0_9999,synpuf110k,11
4019,1,0.00115340253748558,SWT lung surgery outcome,999,0,NA,NA,0_9999,synpuf110k,12
4019,9,0.01038062283737024,SWT breast surgery outcome,999,0,NA,NA,0_9999,synpuf110k,9
4019,25,0.02883506343713956,SWT colorectal surgery outcome,999,0,NA,NA,1_183,synpuf110k,10
4019,2,0.00230680507497116,SWT esophagus surgery outcome,999,0,NA,NA,1_183,synpuf110k,11
4019,7,0.00807381776239907,SWT breast surgery outcome,999,0,NA,NA,1_183,synpuf110k,9
4019,56,0.06459054209919261,SWT colorectal surgery outcome,999,0,NA,NA,1_9999,synpuf110k,10
4019,4,0.00461361014994233,SWT esophagus surgery outcome,999,0,NA,NA,1_9999,synpuf110k,11
4019,1,0.00115340253748558,SWT lung surgery outcome,999,0,NA,NA,1_9999,synpuf110k,12
4019,9,0.01038062283737024,SWT breast surgery outcome,999,0,NA,NA,1_9999,synpuf110k,9
8,22,0.08118081180811808,SWT colorectal surgery outcome,999,0,NA,NA,0_183,synpuf110k,10
8,2,0.007380073800738,SWT esophagus surgery outcome,999,0,NA,NA,0_183,synpuf110k,11
8,1,0.003690036900369,SWT breast surgery outcome,999,0,NA,NA,0_183,synpuf110k,9
8,34,0.12546125461254612,SWT colorectal surgery outcome,999,0,NA,NA,0_9999,synpuf110k,10
8,2,0.007380073800738,SWT esophagus surgery outcome,999,0,NA,NA,0_9999,synpuf110k,11
8,2,0.007380073800738,SWT breast surgery outcome,999,0,NA,NA,0_9999,synpuf110k,9
8,22,0.08118081180811808,SWT colorectal surgery outcome,999,0,NA,NA,1_183,synpuf110k,10
8,2,0.007380073800738,SWT esophagus surgery outcome,999,0,NA,NA,1_183,synpuf110k,11
8,1,0.003690036900369,SWT breast surgery outcome,999,0,NA,NA,1_183,synpuf110k,9
8,34,0.12546125461254612,SWT colorectal surgery outcome,999,0,NA,NA,1_9999,synpuf110k,10
8,2,0.007380073800738,SWT esophagus surgery outcome,999,0,NA,NA,1_9999,synpuf110k,11
8,2,0.007380073800738,SWT breast surgery outcome,999,0,NA,NA,1_9999,synpuf110k,9
8005,1,0.16666666666666666,SWT colorectal surgery outcome,999,0,NA,NA,0_9999,synpuf110k,10
8005,1,0.16666666666666666,SWT colorectal surgery outcome,999,0,NA,NA,1_9999,synpuf110k,10
8006,2,0.1176470588235294,SWT colorectal surgery outcome,999,0,NA,NA,0_9999,synpuf110k,10
8006,2,0.1176470588235294,SWT colorectal surgery outcome,999,0,NA,NA,1_9999,synpuf110k,10
8007,3,0.05555555555555555,SWT colorectal surgery outcome,999,0,NA,NA,0_183,synpuf110k,10
8007,4,0.07407407407407407,SWT colorectal surgery outcome,999,0,NA,NA,0_9999,synpuf110k,10
8007,3,0.05555555555555555,SWT colorectal surgery outcome,999,0,NA,NA,1_183,synpuf110k,10
8007,4,0.07407407407407407,SWT colorectal surgery outcome,999,0,NA,NA,1_9999,synpuf110k,10
8008,12,0.11009174311926606,SWT colorectal surgery outcome,999,0,NA,NA,0_183,synpuf110k,10
8008,1,0.0091743119266055,SWT esophagus surgery outcome,999,0,NA,NA,0_183,synpuf110k,11
8008,18,0.1651376146788991,SWT colorectal surgery outcome,999,0,NA,NA,0_9999,synpuf110k,10
8008,1,0.0091743119266055,SWT esophagus surgery outcome,999,0,NA,NA,0_9999,synpuf110k,11
8008,1,0.0091743119266055,SWT breast surgery outcome,999,0,NA,NA,0_9999,synpuf110k,9
8008,12,0.11009174311926606,SWT colorectal surgery outcome,999,0,NA,NA,1_183,synpuf110k,10
8008,1,0.0091743119266055,SWT esophagus surgery outcome,999,0,NA,NA,1_183,synpuf110k,11
8008,18,0.1651376146788991,SWT colorectal surgery outcome,999,0,NA,NA,1_9999,synpuf110k,10
8008,1,0.0091743119266055,SWT esophagus surgery outcome,999,0,NA,NA,1_9999,synpuf110k,11
8008,1,0.0091743119266055,SWT breast surgery outcome,999,0,NA,NA,1_9999,synpuf110k,9
8009,6,0.10344827586206896,SWT colorectal surgery outcome,999,0,NA,NA,0_183,synpuf110k,10
8009,1,0.01724137931034482,SWT esophagus surgery outcome,999,0,NA,NA,0_183,synpuf110k,11
8009,1,0.01724137931034482,SWT breast surgery outcome,999,0,NA,NA,0_183,synpuf110k,9
8009,8,0.13793103448275862,SWT colorectal surgery outcome,999,0,NA,NA,0_9999,synpuf110k,10
8009,1,0.01724137931034482,SWT esophagus surgery outcome,999,0,NA,NA,0_9999,synpuf110k,11
8009,1,0.01724137931034482,SWT breast surgery outcome,999,0,NA,NA,0_9999,synpuf110k,9
8009,6,0.10344827586206896,SWT colorectal surgery outcome,999,0,NA,NA,1_183,synpuf110k,10
8009,1,0.01724137931034482,SWT esophagus surgery outcome,999,0,NA,NA,1_183,synpuf110k,11
8009,1,0.01724137931034482,SWT breast surgery outcome,999,0,NA,NA,1_183,synpuf110k,9
8009,8,0.13793103448275862,SWT colorectal surgery outcome,999,0,NA,NA,1_9999,synpuf110k,10
8009,1,0.01724137931034482,SWT esophagus surgery outcome,999,0,NA,NA,1_9999,synpuf110k,11
8009,1,0.01724137931034482,SWT breast surgery outcome,999,0,NA,NA,1_9999,synpuf110k,9
8010,1,0.05,SWT colorectal surgery outcome,999,0,NA,NA,0_183,synpuf110k,10
8010,1,0.05,SWT colorectal surgery outcome,999,0,NA,NA,0_9999,synpuf110k,10
8010,1,0.05,SWT colorectal surgery outcome,999,0,NA,NA,1_183,synpuf110k,10
8010,1,0.05,SWT colorectal surgery outcome,999,0,NA,NA,1_9999,synpuf110k,10
8012,10,0.08547008547008547,SWT colorectal surgery outcome,999,0,NA,NA,0_183,synpuf110k,10
8012,2,0.01709401709401709,SWT esophagus surgery outcome,999,0,NA,NA,0_183,synpuf110k,11
8012,16,0.13675213675213677,SWT colorectal surgery outcome,999,0,NA,NA,0_9999,synpuf110k,10
8012,2,0.01709401709401709,SWT esophagus surgery outcome,999,0,NA,NA,0_9999,synpuf110k,11
8012,1,0.00854700854700854,SWT breast surgery outcome,999,0,NA,NA,0_9999,synpuf110k,9
8012,10,0.08547008547008547,SWT colorectal surgery outcome,999,0,NA,NA,1_183,synpuf110k,10
8012,2,0.01709401709401709,SWT esophagus surgery outcome,999,0,NA,NA,1_183,synpuf110k,11
8012,16,0.13675213675213677,SWT colorectal surgery outcome,999,0,NA,NA,1_9999,synpuf110k,10
8012,2,0.01709401709401709,SWT esophagus surgery outcome,999,0,NA,NA,1_9999,synpuf110k,11
8012,1,0.00854700854700854,SWT breast surgery outcome,999,0,NA,NA,1_9999,synpuf110k,9
8013,12,0.07792207792207792,SWT colorectal surgery outcome,999,0,NA,NA,0_183,synpuf110k,10
8013,1,0.00649350649350649,SWT breast surgery outcome,999,0,NA,NA,0_183,synpuf110k,9
8013,18,0.11688311688311688,SWT colorectal surgery outcome,999,0,NA,NA,0_9999,synpuf110k,10
8013,1,0.00649350649350649,SWT breast surgery outcome,999,0,NA,NA,0_9999,synpuf110k,9
8013,12,0.07792207792207792,SWT colorectal surgery outcome,999,0,NA,NA,1_183,synpuf110k,10
8013,1,0.00649350649350649,SWT breast surgery outcome,999,0,NA,NA,1_183,synpuf110k,9
8013,18,0.11688311688311688,SWT colorectal surgery outcome,999,0,NA,NA,1_9999,synpuf110k,10
8013,1,0.00649350649350649,SWT breast surgery outcome,999,0,NA,NA,1_9999,synpuf110k,9
8014,4,0.1904761904761905,SWT colorectal surgery outcome,999,0,NA,NA,0_183,synpuf110k,10
8014,4,0.1904761904761905,SWT colorectal surgery outcome,999,0,NA,NA,0_9999,synpuf110k,10
8014,1,0.04761904761904761,SWT breast surgery outcome,999,0,NA,NA,0_9999,synpuf110k,9
8014,4,0.1904761904761905,SWT colorectal surgery outcome,999,0,NA,NA,1_183,synpuf110k,10
8014,4,0.1904761904761905,SWT colorectal surgery outcome,999,0,NA,NA,1_9999,synpuf110k,10
8014,1,0.04761904761904761,SWT breast surgery outcome,999,0,NA,NA,1_9999,synpuf110k,9
8015,17,0.0735930735930736,SWT colorectal surgery outcome,999,0,NA,NA,0_183,synpuf110k,10
8015,2,0.00865800865800865,SWT esophagus surgery outcome,999,0,NA,NA,0_183,synpuf110k,11
8015,1,0.00432900432900432,SWT breast surgery outcome,999,0,NA,NA,0_183,synpuf110k,9
8015,29,0.12554112554112554,SWT colorectal surgery outcome,999,0,NA,NA,0_9999,synpuf110k,10
8015,2,0.00865800865800865,SWT esophagus surgery outcome,999,0,NA,NA,0_9999,synpuf110k,11
8015,1,0.00432900432900432,SWT breast surgery outcome,999,0,NA,NA,0_9999,synpuf110k,9
8015,17,0.0735930735930736,SWT colorectal surgery outcome,999,0,NA,NA,1_183,synpuf110k,10
8015,2,0.00865800865800865,SWT esophagus surgery outcome,999,0,NA,NA,1_183,synpuf110k,11
8015,1,0.00432900432900432,SWT breast surgery outcome,999,0,NA,NA,1_183,synpuf110k,9
8015,29,0.12554112554112554,SWT colorectal surgery outcome,999,0,NA,NA,1_9999,synpuf110k,10
8015,2,0.00865800865800865,SWT esophagus surgery outcome,999,0,NA,NA,1_9999,synpuf110k,11
8015,1,0.00432900432900432,SWT breast surgery outcome,999,0,NA,NA,1_9999,synpuf110k,9
8017,1,0.05263157894736842,SWT colorectal surgery outcome,999,0,NA,NA,0_183,synpuf110k,10
8017,1,0.05263157894736842,SWT colorectal surgery outcome,999,0,NA,NA,0_9999,synpuf110k,10
8017,1,0.05263157894736842,SWT colorectal surgery outcome,999,0,NA,NA,1_183,synpuf110k,10
8017,1,0.05263157894736842,SWT colorectal surgery outcome,999,0,NA,NA,1_9999,synpuf110k,10
8019,22,0.08396946564885496,SWT colorectal surgery outcome,999,0,NA,NA,0_183,synpuf110k,10
8019,2,0.00763358778625954,SWT esophagus surgery outcome,999,0,NA,NA,0_183,synpuf110k,11
8019,1,0.00381679389312977,SWT breast surgery outcome,999,0,NA,NA,0_183,synpuf110k,9
8019,34,0.1297709923664122,SWT colorectal surgery outcome,999,0,NA,NA,0_9999,synpuf110k,10
8019,2,0.00763358778625954,SWT esophagus surgery outcome,999,0,NA,NA,0_9999,synpuf110k,11
8019,2,0.00763358778625954,SWT breast surgery outcome,999,0,NA,NA,0_9999,synpuf110k,9
8019,22,0.08396946564885496,SWT colorectal surgery outcome,999,0,NA,NA,1_183,synpuf110k,10
8019,2,0.00763358778625954,SWT esophagus surgery outcome,999,0,NA,NA,1_183,synpuf110k,11
8019,1,0.00381679389312977,SWT breast surgery outcome,999,0,NA,NA,1_183,synpuf110k,9
8019,34,0.1297709923664122,SWT colorectal surgery outcome,999,0,NA,NA,1_9999,synpuf110k,10
8019,2,0.00763358778625954,SWT esophagus surgery outcome,999,0,NA,NA,1_9999,synpuf110k,11
8019,2,0.00763358778625954,SWT breast surgery outcome,999,0,NA,NA,1_9999,synpuf110k,9
