databaseId,cohortDefinitionId,inclusionRuleMask,personCount,modeId
synpuf110k,1,3,7,0
synpuf110k,1,0,1531,0
synpuf110k,1,2,686,0
synpuf110k,1,1,14,0
synpuf110k,1,3,7,1
synpuf110k,1,0,1531,1
synpuf110k,1,2,686,1
synpuf110k,1,1,14,1
synpuf110k,2,11,23,0
synpuf110k,2,9,-5,0
synpuf110k,2,15,151,0
synpuf110k,2,3,374,0
synpuf110k,2,5,316,0
synpuf110k,2,4,9,0
synpuf110k,2,0,9,0
synpuf110k,2,6,36,0
synpuf110k,2,14,-5,0
synpuf110k,2,13,17,0
synpuf110k,2,2,10,0
synpuf110k,2,7,1098,0
synpuf110k,2,1,190,0
synpuf110k,2,11,23,1
synpuf110k,2,9,-5,1
synpuf110k,2,15,151,1
synpuf110k,2,3,374,1
synpuf110k,2,5,316,1
synpuf110k,2,4,9,1
synpuf110k,2,0,9,1
synpuf110k,2,6,36,1
synpuf110k,2,14,-5,1
synpuf110k,2,13,17,1
synpuf110k,2,2,10,1
synpuf110k,2,7,1098,1
synpuf110k,2,1,190,1
synpuf110k,3,3,18,0
synpuf110k,3,0,2222,0
synpuf110k,3,2,1198,0
synpuf110k,3,1,31,0
synpuf110k,3,3,18,1
synpuf110k,3,0,2222,1
synpuf110k,3,2,1198,1
synpuf110k,3,1,31,1
synpuf110k,4,11,160,0
synpuf110k,4,9,10,0
synpuf110k,4,15,884,0
synpuf110k,4,3,368,0
synpuf110k,4,5,299,0
synpuf110k,4,4,38,0
synpuf110k,4,0,28,0
synpuf110k,4,10,11,0
synpuf110k,4,6,107,0
synpuf110k,4,14,70,0
synpuf110k,4,13,76,0
synpuf110k,4,2,55,0
synpuf110k,4,7,1170,0
synpuf110k,4,12,5,0
synpuf110k,4,1,188,0
synpuf110k,4,11,160,1
synpuf110k,4,9,10,1
synpuf110k,4,15,884,1
synpuf110k,4,3,368,1
synpuf110k,4,5,299,1
synpuf110k,4,4,38,1
synpuf110k,4,0,28,1
synpuf110k,4,10,11,1
synpuf110k,4,6,107,1
synpuf110k,4,14,70,1
synpuf110k,4,13,76,1
synpuf110k,4,2,55,1
synpuf110k,4,7,1170,1
synpuf110k,4,12,5,1
synpuf110k,4,1,188,1
synpuf110k,5,0,92,0
synpuf110k,5,2,27,0
synpuf110k,5,0,92,1
synpuf110k,5,2,27,1
synpuf110k,6,11,-5,0
synpuf110k,6,15,21,0
synpuf110k,6,3,21,0
synpuf110k,6,5,19,0
synpuf110k,6,13,-5,0
synpuf110k,6,7,39,0
synpuf110k,6,1,13,0
synpuf110k,6,11,-5,1
synpuf110k,6,15,21,1
synpuf110k,6,3,21,1
synpuf110k,6,5,19,1
synpuf110k,6,13,-5,1
synpuf110k,6,7,39,1
synpuf110k,6,1,13,1
synpuf110k,7,0,1080,0
synpuf110k,7,2,383,0
synpuf110k,7,1,-5,0
synpuf110k,7,0,1080,1
synpuf110k,7,2,383,1
synpuf110k,7,1,-5,1
synpuf110k,8,11,57,0
synpuf110k,8,9,13,0
synpuf110k,8,15,271,0
synpuf110k,8,3,184,0
synpuf110k,8,5,215,0
synpuf110k,8,4,-5,0
synpuf110k,8,0,-5,0
synpuf110k,8,6,-5,0
synpuf110k,8,13,42,0
synpuf110k,8,7,505,0
synpuf110k,8,1,171,0
synpuf110k,8,11,57,1
synpuf110k,8,9,13,1
synpuf110k,8,15,271,1
synpuf110k,8,3,184,1
synpuf110k,8,5,215,1
synpuf110k,8,4,-5,1
synpuf110k,8,0,-5,1
synpuf110k,8,6,-5,1
synpuf110k,8,13,42,1
synpuf110k,8,7,505,1
synpuf110k,8,1,171,1
