cohortDefinitionId,ruleSequence,name,description
1,0,Cancer surgery within 30 days before dx and no radio- or systemic treatment before surgery,
1,1,no other malignancies ,
2,0,no cancer surgery with curative intent prior to dx,
2,1,no radiotherapy prior to dx,
2,2,no prior systemic cancer treatment prior to dx,
2,3,no prior malignancies except for non-melanoma skin cancers ,
3,0,Cancer surgery within 30 days before dx and no radio- or systemic treatment before surgery,
3,1,no other malignancies ,
4,0,no cancer surgery with curative intent prior to dx,
4,1,no radiotherapy prior to dx,
4,2,no prior systemic cancer treatment prior to dx,
4,3,no prior malignancies except for non-melanoma skin cancers ,
5,0,Cancer surgery within 30 days before dx and no radio- or systemic treatment before surgery,
5,1,no other malignancies ,
6,0,no cancer surgery with curative intent prior to dx,
6,1,no radiotherapy prior to dx,
6,2,no prior systemic cancer treatment prior to dx,
6,3,no prior malignancies except for non-melanoma skin cancers ,
7,0,Cancer surgery within 30 days before dx and no radio- or systemic treatment before surgery,
7,1,no other malignancies ,
8,0,no cancer surgery with curative intent prior to dx,
8,1,no radiotherapy prior to dx,
8,2,no prior systemic cancer treatment prior to dx,
8,3,no prior malignancies except for non-melanoma skin cancers ,
