task,startTime,cohortIds,executionTime,parent
getCdmDataSourceInformation,2024-11-03T09:00:54Z,,1.22158789634705,executeDiagnostics
observationPeriodDateRange,2024-11-03T09:00:55Z,,0.36284613609314,executeDiagnostics
getInclusionStats,2024-11-03T09:00:56Z,,0.511932134628296,executeDiagnostics
getInclusionStatsCohortGenerator,2024-11-03T09:00:57Z,,3.71944999694824,getInclusionStats
getInclusionStats,2024-11-03T09:00:57Z,,3.81975984573364,executeDiagnostics
instantiateUniqueConceptSets,2024-11-03T09:01:04Z,,1.84937500953674,runConceptSetDiagnostics
