id,name,subjects,entries,database
1001,SWT breast cancer with cancer surgery within 30 days before diagnosis 0_9,NA,NA,synpuf110k
1002,SWT breast cancer with cancer surgery within 30 days before diagnosis 10_19,NA,NA,synpuf110k
1003,SWT breast cancer with cancer surgery within 30 days before diagnosis 20_29,NA,NA,synpuf110k
1004,SWT breast cancer with cancer surgery within 30 days before diagnosis 30_39,NA,NA,synpuf110k
1005,SWT breast cancer with cancer surgery within 30 days before diagnosis 40_49,2,2,synpuf110k
1006,SWT breast cancer with cancer surgery within 30 days before diagnosis 50_59,NA,NA,synpuf110k
1007,SWT breast cancer with cancer surgery within 30 days before diagnosis 60_69,2,2,synpuf110k
1008,SWT breast cancer with cancer surgery within 30 days before diagnosis 70_79,3,3,synpuf110k
1009,SWT breast cancer with cancer surgery within 30 days before diagnosis 80_89,NA,NA,synpuf110k
1010,SWT breast cancer with cancer surgery within 30 days before diagnosis 90_99,NA,NA,synpuf110k
1011,SWT breast cancer with cancer surgery within 30 days before diagnosis 100+,NA,NA,synpuf110k
1012,SWT breast cancer with cancer surgery within 30 days before diagnosis male,2,2,synpuf110k
1013,SWT breast cancer with cancer surgery within 30 days before diagnosis female,5,5,synpuf110k
1014,SWT breast cancer with cancer surgery within 30 days before diagnosis black,2,2,synpuf110k
1015,SWT breast cancer with cancer surgery within 30 days before diagnosis white,5,5,synpuf110k
1016,SWT breast cancer with cancer surgery within 30 days before diagnosis asian,NA,NA,synpuf110k
1017,SWT breast cancer with cancer surgery within 30 days before diagnosis unknown_race,NA,NA,synpuf110k
1018,SWT breast cancer with cancer surgery within 30 days before diagnosis hispanic,NA,NA,synpuf110k
1019,SWT breast cancer with cancer surgery within 30 days before diagnosis notHispanic,7,7,synpuf110k
1020,SWT breast cancer with cancer surgery within 30 days before diagnosis unknown_ethnicity,NA,NA,synpuf110k
1021,SWT breast cancer with cancer surgery within 30 days before diagnosis cci_0,NA,NA,synpuf110k
1022,SWT breast cancer with cancer surgery within 30 days before diagnosis cci_1,NA,NA,synpuf110k
1023,SWT breast cancer with cancer surgery within 30 days before diagnosis cci_2,NA,NA,synpuf110k
2001,SWT breast cancer with no prior cancer treatment 0_9,NA,NA,synpuf110k
2002,SWT breast cancer with no prior cancer treatment 10_19,NA,NA,synpuf110k
2003,SWT breast cancer with no prior cancer treatment 20_29,2,2,synpuf110k
2004,SWT breast cancer with no prior cancer treatment 30_39,2,2,synpuf110k
2005,SWT breast cancer with no prior cancer treatment 40_49,6,6,synpuf110k
2006,SWT breast cancer with no prior cancer treatment 50_59,6,6,synpuf110k
2007,SWT breast cancer with no prior cancer treatment 60_69,34,34,synpuf110k
2008,SWT breast cancer with no prior cancer treatment 70_79,63,63,synpuf110k
2009,SWT breast cancer with no prior cancer treatment 80_89,30,30,synpuf110k
2010,SWT breast cancer with no prior cancer treatment 90_99,7,7,synpuf110k
2011,SWT breast cancer with no prior cancer treatment 100+,1,1,synpuf110k
2012,SWT breast cancer with no prior cancer treatment male,65,65,synpuf110k
2013,SWT breast cancer with no prior cancer treatment female,86,86,synpuf110k
2014,SWT breast cancer with no prior cancer treatment black,14,14,synpuf110k
2015,SWT breast cancer with no prior cancer treatment white,127,127,synpuf110k
2016,SWT breast cancer with no prior cancer treatment asian,NA,NA,synpuf110k
2017,SWT breast cancer with no prior cancer treatment unknown_race,10,10,synpuf110k
2018,SWT breast cancer with no prior cancer treatment hispanic,5,5,synpuf110k
2019,SWT breast cancer with no prior cancer treatment notHispanic,146,146,synpuf110k
2020,SWT breast cancer with no prior cancer treatment unknown_ethnicity,NA,NA,synpuf110k
2021,SWT breast cancer with no prior cancer treatment cci_0,NA,NA,synpuf110k
2022,SWT breast cancer with no prior cancer treatment cci_1,NA,NA,synpuf110k
2023,SWT breast cancer with no prior cancer treatment cci_2,NA,NA,synpuf110k
3001,SWT colorectal cancer with cancer surgery within 30 days before diagnosis 0_9,NA,NA,synpuf110k
3002,SWT colorectal cancer with cancer surgery within 30 days before diagnosis 10_19,NA,NA,synpuf110k
3003,SWT colorectal cancer with cancer surgery within 30 days before diagnosis 20_29,NA,NA,synpuf110k
3004,SWT colorectal cancer with cancer surgery within 30 days before diagnosis 30_39,NA,NA,synpuf110k
3005,SWT colorectal cancer with cancer surgery within 30 days before diagnosis 40_49,2,2,synpuf110k
3006,SWT colorectal cancer with cancer surgery within 30 days before diagnosis 50_59,NA,NA,synpuf110k
3007,SWT colorectal cancer with cancer surgery within 30 days before diagnosis 60_69,3,3,synpuf110k
3008,SWT colorectal cancer with cancer surgery within 30 days before diagnosis 70_79,9,9,synpuf110k
3009,SWT colorectal cancer with cancer surgery within 30 days before diagnosis 80_89,3,3,synpuf110k
3010,SWT colorectal cancer with cancer surgery within 30 days before diagnosis 90_99,1,1,synpuf110k
3011,SWT colorectal cancer with cancer surgery within 30 days before diagnosis 100+,NA,NA,synpuf110k
3012,SWT colorectal cancer with cancer surgery within 30 days before diagnosis male,7,7,synpuf110k
3013,SWT colorectal cancer with cancer surgery within 30 days before diagnosis female,11,11,synpuf110k
3014,SWT colorectal cancer with cancer surgery within 30 days before diagnosis black,2,2,synpuf110k
3015,SWT colorectal cancer with cancer surgery within 30 days before diagnosis white,13,13,synpuf110k
3016,SWT colorectal cancer with cancer surgery within 30 days before diagnosis asian,NA,NA,synpuf110k
3017,SWT colorectal cancer with cancer surgery within 30 days before diagnosis unknown_race,3,3,synpuf110k
3018,SWT colorectal cancer with cancer surgery within 30 days before diagnosis hispanic,1,1,synpuf110k
3019,SWT colorectal cancer with cancer surgery within 30 days before diagnosis notHispanic,17,17,synpuf110k
3020,SWT colorectal cancer with cancer surgery within 30 days before diagnosis unknown_ethnicity,NA,NA,synpuf110k
3021,SWT colorectal cancer with cancer surgery within 30 days before diagnosis cci_0,NA,NA,synpuf110k
3022,SWT colorectal cancer with cancer surgery within 30 days before diagnosis cci_1,NA,NA,synpuf110k
3023,SWT colorectal cancer with cancer surgery within 30 days before diagnosis cci_2,NA,NA,synpuf110k
4001,SWT colorectal cancer with no prior cancer treatment 0_9,NA,NA,synpuf110k
4002,SWT colorectal cancer with no prior cancer treatment 10_19,NA,NA,synpuf110k
4003,SWT colorectal cancer with no prior cancer treatment 20_29,5,5,synpuf110k
4004,SWT colorectal cancer with no prior cancer treatment 30_39,17,17,synpuf110k
4005,SWT colorectal cancer with no prior cancer treatment 40_49,39,39,synpuf110k
4006,SWT colorectal cancer with no prior cancer treatment 50_59,51,51,synpuf110k
4007,SWT colorectal cancer with no prior cancer treatment 60_69,194,194,synpuf110k
4008,SWT colorectal cancer with no prior cancer treatment 70_79,316,316,synpuf110k
4009,SWT colorectal cancer with no prior cancer treatment 80_89,204,204,synpuf110k
4010,SWT colorectal cancer with no prior cancer treatment 90_99,52,52,synpuf110k
4011,SWT colorectal cancer with no prior cancer treatment 100+,6,6,synpuf110k
4012,SWT colorectal cancer with no prior cancer treatment male,365,365,synpuf110k
4013,SWT colorectal cancer with no prior cancer treatment female,519,519,synpuf110k
4014,SWT colorectal cancer with no prior cancer treatment black,88,88,synpuf110k
4015,SWT colorectal cancer with no prior cancer treatment white,742,742,synpuf110k
4016,SWT colorectal cancer with no prior cancer treatment asian,NA,NA,synpuf110k
4017,SWT colorectal cancer with no prior cancer treatment unknown_race,54,54,synpuf110k
4018,SWT colorectal cancer with no prior cancer treatment hispanic,17,17,synpuf110k
4019,SWT colorectal cancer with no prior cancer treatment notHispanic,867,867,synpuf110k
4020,SWT colorectal cancer with no prior cancer treatment unknown_ethnicity,NA,NA,synpuf110k
4021,SWT colorectal cancer with no prior cancer treatment cci_0,NA,NA,synpuf110k
4022,SWT colorectal cancer with no prior cancer treatment cci_1,NA,NA,synpuf110k
4023,SWT colorectal cancer with no prior cancer treatment cci_2,NA,NA,synpuf110k
5001,SWT esophagus cancer with cancer surgery within 30 days before diagnosis 0_9,NA,NA,synpuf110k
5002,SWT esophagus cancer with cancer surgery within 30 days before diagnosis 10_19,NA,NA,synpuf110k
5003,SWT esophagus cancer with cancer surgery within 30 days before diagnosis 20_29,NA,NA,synpuf110k
5004,SWT esophagus cancer with cancer surgery within 30 days before diagnosis 30_39,NA,NA,synpuf110k
5005,SWT esophagus cancer with cancer surgery within 30 days before diagnosis 40_49,NA,NA,synpuf110k
5006,SWT esophagus cancer with cancer surgery within 30 days before diagnosis 50_59,NA,NA,synpuf110k
5007,SWT esophagus cancer with cancer surgery within 30 days before diagnosis 60_69,NA,NA,synpuf110k
5008,SWT esophagus cancer with cancer surgery within 30 days before diagnosis 70_79,NA,NA,synpuf110k
5009,SWT esophagus cancer with cancer surgery within 30 days before diagnosis 80_89,NA,NA,synpuf110k
5010,SWT esophagus cancer with cancer surgery within 30 days before diagnosis 90_99,NA,NA,synpuf110k
5011,SWT esophagus cancer with cancer surgery within 30 days before diagnosis 100+,NA,NA,synpuf110k
5012,SWT esophagus cancer with cancer surgery within 30 days before diagnosis male,NA,NA,synpuf110k
5013,SWT esophagus cancer with cancer surgery within 30 days before diagnosis female,NA,NA,synpuf110k
5014,SWT esophagus cancer with cancer surgery within 30 days before diagnosis black,NA,NA,synpuf110k
5015,SWT esophagus cancer with cancer surgery within 30 days before diagnosis white,NA,NA,synpuf110k
5016,SWT esophagus cancer with cancer surgery within 30 days before diagnosis asian,NA,NA,synpuf110k
5017,SWT esophagus cancer with cancer surgery within 30 days before diagnosis unknown_race,NA,NA,synpuf110k
5018,SWT esophagus cancer with cancer surgery within 30 days before diagnosis hispanic,NA,NA,synpuf110k
5019,SWT esophagus cancer with cancer surgery within 30 days before diagnosis notHispanic,NA,NA,synpuf110k
5020,SWT esophagus cancer with cancer surgery within 30 days before diagnosis unknown_ethnicity,NA,NA,synpuf110k
5021,SWT esophagus cancer with cancer surgery within 30 days before diagnosis cci_0,NA,NA,synpuf110k
5022,SWT esophagus cancer with cancer surgery within 30 days before diagnosis cci_1,NA,NA,synpuf110k
5023,SWT esophagus cancer with cancer surgery within 30 days before diagnosis cci_2,NA,NA,synpuf110k
6001,SWT esophagus cancer with no prior cancer treatment 0_9,NA,NA,synpuf110k
6002,SWT esophagus cancer with no prior cancer treatment 10_19,NA,NA,synpuf110k
6003,SWT esophagus cancer with no prior cancer treatment 20_29,NA,NA,synpuf110k
6004,SWT esophagus cancer with no prior cancer treatment 30_39,NA,NA,synpuf110k
6005,SWT esophagus cancer with no prior cancer treatment 40_49,NA,NA,synpuf110k
6006,SWT esophagus cancer with no prior cancer treatment 50_59,1,1,synpuf110k
6007,SWT esophagus cancer with no prior cancer treatment 60_69,4,4,synpuf110k
6008,SWT esophagus cancer with no prior cancer treatment 70_79,7,7,synpuf110k
6009,SWT esophagus cancer with no prior cancer treatment 80_89,7,7,synpuf110k
6010,SWT esophagus cancer with no prior cancer treatment 90_99,2,2,synpuf110k
6011,SWT esophagus cancer with no prior cancer treatment 100+,NA,NA,synpuf110k
6012,SWT esophagus cancer with no prior cancer treatment male,14,14,synpuf110k
6013,SWT esophagus cancer with no prior cancer treatment female,7,7,synpuf110k
6014,SWT esophagus cancer with no prior cancer treatment black,1,1,synpuf110k
6015,SWT esophagus cancer with no prior cancer treatment white,19,19,synpuf110k
6016,SWT esophagus cancer with no prior cancer treatment asian,NA,NA,synpuf110k
6017,SWT esophagus cancer with no prior cancer treatment unknown_race,1,1,synpuf110k
6018,SWT esophagus cancer with no prior cancer treatment hispanic,NA,NA,synpuf110k
6019,SWT esophagus cancer with no prior cancer treatment notHispanic,21,21,synpuf110k
6020,SWT esophagus cancer with no prior cancer treatment unknown_ethnicity,NA,NA,synpuf110k
6021,SWT esophagus cancer with no prior cancer treatment cci_0,NA,NA,synpuf110k
6022,SWT esophagus cancer with no prior cancer treatment cci_1,NA,NA,synpuf110k
6023,SWT esophagus cancer with no prior cancer treatment cci_2,NA,NA,synpuf110k
7001,SWT lung cancer with cancer surgery within 30 days before diagnosis 0_9,NA,NA,synpuf110k
7002,SWT lung cancer with cancer surgery within 30 days before diagnosis 10_19,NA,NA,synpuf110k
7003,SWT lung cancer with cancer surgery within 30 days before diagnosis 20_29,NA,NA,synpuf110k
7004,SWT lung cancer with cancer surgery within 30 days before diagnosis 30_39,NA,NA,synpuf110k
7005,SWT lung cancer with cancer surgery within 30 days before diagnosis 40_49,NA,NA,synpuf110k
7006,SWT lung cancer with cancer surgery within 30 days before diagnosis 50_59,NA,NA,synpuf110k
7007,SWT lung cancer with cancer surgery within 30 days before diagnosis 60_69,NA,NA,synpuf110k
7008,SWT lung cancer with cancer surgery within 30 days before diagnosis 70_79,NA,NA,synpuf110k
7009,SWT lung cancer with cancer surgery within 30 days before diagnosis 80_89,NA,NA,synpuf110k
7010,SWT lung cancer with cancer surgery within 30 days before diagnosis 90_99,NA,NA,synpuf110k
7011,SWT lung cancer with cancer surgery within 30 days before diagnosis 100+,NA,NA,synpuf110k
7012,SWT lung cancer with cancer surgery within 30 days before diagnosis male,NA,NA,synpuf110k
7013,SWT lung cancer with cancer surgery within 30 days before diagnosis female,NA,NA,synpuf110k
7014,SWT lung cancer with cancer surgery within 30 days before diagnosis black,NA,NA,synpuf110k
7015,SWT lung cancer with cancer surgery within 30 days before diagnosis white,NA,NA,synpuf110k
7016,SWT lung cancer with cancer surgery within 30 days before diagnosis asian,NA,NA,synpuf110k
7017,SWT lung cancer with cancer surgery within 30 days before diagnosis unknown_race,NA,NA,synpuf110k
7018,SWT lung cancer with cancer surgery within 30 days before diagnosis hispanic,NA,NA,synpuf110k
7019,SWT lung cancer with cancer surgery within 30 days before diagnosis notHispanic,NA,NA,synpuf110k
7020,SWT lung cancer with cancer surgery within 30 days before diagnosis unknown_ethnicity,NA,NA,synpuf110k
7021,SWT lung cancer with cancer surgery within 30 days before diagnosis cci_0,NA,NA,synpuf110k
7022,SWT lung cancer with cancer surgery within 30 days before diagnosis cci_1,NA,NA,synpuf110k
7023,SWT lung cancer with cancer surgery within 30 days before diagnosis cci_2,NA,NA,synpuf110k
8001,SWT lung cancer with no prior cancer treatment 0_9,NA,NA,synpuf110k
8002,SWT lung cancer with no prior cancer treatment 10_19,NA,NA,synpuf110k
8003,SWT lung cancer with no prior cancer treatment 20_29,NA,NA,synpuf110k
8004,SWT lung cancer with no prior cancer treatment 30_39,5,5,synpuf110k
8005,SWT lung cancer with no prior cancer treatment 40_49,6,6,synpuf110k
8006,SWT lung cancer with no prior cancer treatment 50_59,17,17,synpuf110k
8007,SWT lung cancer with no prior cancer treatment 60_69,54,54,synpuf110k
8008,SWT lung cancer with no prior cancer treatment 70_79,109,109,synpuf110k
8009,SWT lung cancer with no prior cancer treatment 80_89,58,58,synpuf110k
8010,SWT lung cancer with no prior cancer treatment 90_99,20,20,synpuf110k
8011,SWT lung cancer with no prior cancer treatment 100+,2,2,synpuf110k
8012,SWT lung cancer with no prior cancer treatment male,117,117,synpuf110k
8013,SWT lung cancer with no prior cancer treatment female,154,154,synpuf110k
8014,SWT lung cancer with no prior cancer treatment black,21,21,synpuf110k
8015,SWT lung cancer with no prior cancer treatment white,231,231,synpuf110k
8016,SWT lung cancer with no prior cancer treatment asian,NA,NA,synpuf110k
8017,SWT lung cancer with no prior cancer treatment unknown_race,19,19,synpuf110k
8018,SWT lung cancer with no prior cancer treatment hispanic,9,9,synpuf110k
8019,SWT lung cancer with no prior cancer treatment notHispanic,262,262,synpuf110k
8020,SWT lung cancer with no prior cancer treatment unknown_ethnicity,NA,NA,synpuf110k
8021,SWT lung cancer with no prior cancer treatment cci_0,NA,NA,synpuf110k
8022,SWT lung cancer with no prior cancer treatment cci_1,NA,NA,synpuf110k
8023,SWT lung cancer with no prior cancer treatment cci_2,NA,NA,synpuf110k
1,SWT breast cancer with cancer surgery within 30 days before diagnosis,7,7,synpuf110k
2,SWT breast cancer with no prior cancer treatment,151,151,synpuf110k
3,SWT colorectal cancer with cancer surgery within 30 days before diagnosis,18,18,synpuf110k
4,SWT colorectal cancer with no prior cancer treatment,884,884,synpuf110k
5,SWT esophagus cancer with cancer surgery within 30 days before diagnosis,NA,NA,synpuf110k
6,SWT esophagus cancer with no prior cancer treatment,21,21,synpuf110k
7,SWT lung cancer with cancer surgery within 30 days before diagnosis,NA,NA,synpuf110k
8,SWT lung cancer with no prior cancer treatment,271,271,synpuf110k
