cohortDefinitionId,n,pct,name,analysisId,conceptId,valueAsConceptId,collisions,timeWindow,database,covId
2,8,0.05298013245033112,SWT colorectal surgery outcome,999,0,NA,NA,365_1,synpuf110k,10
2007,3,0.08823529411764706,SWT colorectal surgery outcome,999,0,NA,NA,365_1,synpuf110k,10
2008,3,0.04761904761904761,SWT colorectal surgery outcome,999,0,NA,NA,365_1,synpuf110k,10
2009,1,0.03333333333333333,SWT colorectal surgery outcome,999,0,NA,NA,365_1,synpuf110k,10
2013,8,0.09302325581395347,SWT colorectal surgery outcome,999,0,NA,NA,365_1,synpuf110k,10
2015,7,0.05511811023622047,SWT colorectal surgery outcome,999,0,NA,NA,365_1,synpuf110k,10
2017,1,0.1,SWT colorectal surgery outcome,999,0,NA,NA,365_1,synpuf110k,10
2019,7,0.04794520547945205,SWT colorectal surgery outcome,999,0,NA,NA,365_1,synpuf110k,10
3,4,0.2222222222222222,SWT colorectal surgery outcome,999,0,NA,NA,365_1,synpuf110k,10
3008,2,0.2222222222222222,SWT colorectal surgery outcome,999,0,NA,NA,365_1,synpuf110k,10
3013,4,0.3636363636363637,SWT colorectal surgery outcome,999,0,NA,NA,365_1,synpuf110k,10
3015,3,0.2307692307692308,SWT colorectal surgery outcome,999,0,NA,NA,365_1,synpuf110k,10
3019,4,0.2352941176470588,SWT colorectal surgery outcome,999,0,NA,NA,365_1,synpuf110k,10
4,1,0.00113122171945701,SWT esophagus surgery outcome,999,0,NA,NA,365_1,synpuf110k,11
4,4,0.00452488687782805,SWT breast surgery outcome,999,0,NA,NA,365_1,synpuf110k,9
4004,1,0.0588235294117647,SWT breast surgery outcome,999,0,NA,NA,365_1,synpuf110k,9
4008,1,0.00316455696202531,SWT esophagus surgery outcome,999,0,NA,NA,365_1,synpuf110k,11
4009,2,0.00980392156862745,SWT breast surgery outcome,999,0,NA,NA,365_1,synpuf110k,9
4010,1,0.01923076923076923,SWT breast surgery outcome,999,0,NA,NA,365_1,synpuf110k,9
4012,2,0.00547945205479452,SWT breast surgery outcome,999,0,NA,NA,365_1,synpuf110k,9
4013,1,0.00192678227360308,SWT esophagus surgery outcome,999,0,NA,NA,365_1,synpuf110k,11
4013,2,0.00385356454720616,SWT breast surgery outcome,999,0,NA,NA,365_1,synpuf110k,9
4014,1,0.01136363636363636,SWT breast surgery outcome,999,0,NA,NA,365_1,synpuf110k,9
4015,3,0.00404312668463611,SWT breast surgery outcome,999,0,NA,NA,365_1,synpuf110k,9
4017,1,0.01851851851851851,SWT esophagus surgery outcome,999,0,NA,NA,365_1,synpuf110k,11
4019,1,0.00115340253748558,SWT esophagus surgery outcome,999,0,NA,NA,365_1,synpuf110k,11
4019,4,0.00461361014994233,SWT breast surgery outcome,999,0,NA,NA,365_1,synpuf110k,9
8,12,0.04428044280442804,SWT colorectal surgery outcome,999,0,NA,NA,365_1,synpuf110k,10
8,2,0.007380073800738,SWT esophagus surgery outcome,999,0,NA,NA,365_1,synpuf110k,11
8,1,0.003690036900369,SWT breast surgery outcome,999,0,NA,NA,365_1,synpuf110k,9
8007,3,0.05555555555555555,SWT colorectal surgery outcome,999,0,NA,NA,365_1,synpuf110k,10
8008,5,0.04587155963302752,SWT colorectal surgery outcome,999,0,NA,NA,365_1,synpuf110k,10
8008,1,0.0091743119266055,SWT esophagus surgery outcome,999,0,NA,NA,365_1,synpuf110k,11
8009,4,0.06896551724137931,SWT colorectal surgery outcome,999,0,NA,NA,365_1,synpuf110k,10
8009,1,0.01724137931034482,SWT esophagus surgery outcome,999,0,NA,NA,365_1,synpuf110k,11
8009,1,0.01724137931034482,SWT breast surgery outcome,999,0,NA,NA,365_1,synpuf110k,9
8012,4,0.03418803418803419,SWT colorectal surgery outcome,999,0,NA,NA,365_1,synpuf110k,10
8012,2,0.01709401709401709,SWT esophagus surgery outcome,999,0,NA,NA,365_1,synpuf110k,11
8013,8,0.05194805194805195,SWT colorectal surgery outcome,999,0,NA,NA,365_1,synpuf110k,10
8013,1,0.00649350649350649,SWT breast surgery outcome,999,0,NA,NA,365_1,synpuf110k,9
8014,3,0.14285714285714285,SWT colorectal surgery outcome,999,0,NA,NA,365_1,synpuf110k,10
8015,8,0.03463203463203463,SWT colorectal surgery outcome,999,0,NA,NA,365_1,synpuf110k,10
8015,2,0.00865800865800865,SWT esophagus surgery outcome,999,0,NA,NA,365_1,synpuf110k,11
8015,1,0.00432900432900432,SWT breast surgery outcome,999,0,NA,NA,365_1,synpuf110k,9
8017,1,0.05263157894736842,SWT colorectal surgery outcome,999,0,NA,NA,365_1,synpuf110k,10
8019,12,0.04580152671755725,SWT colorectal surgery outcome,999,0,NA,NA,365_1,synpuf110k,10
8019,2,0.00763358778625954,SWT esophagus surgery outcome,999,0,NA,NA,365_1,synpuf110k,11
8019,1,0.00381679389312977,SWT breast surgery outcome,999,0,NA,NA,365_1,synpuf110k,9
