cohortDefinitionId,n,min,max,mean,sd,median,p10,p25,p75,p90,name,analysisId,conceptId,valueAsConceptId,collisions,database
1,7,420,623,519.7142857142857,86.82302744801113,491,420,423,605,623,time (days) between cohort start and end,10,0,NA,NA,synpuf110k
1,7,420,623,519.7142857142857,86.82302744801113,491,420,423,605,623,observation time (days) after index,9,0,NA,NA,synpuf110k
1,7,1,13,7,4,8,1,4,10,13,Charlson index - Romano adaptation,901,0,NA,NA,synpuf110k
1,7,46,79,64.42857142857143,13.252133700617708,67,46,46,74,79,age in years,2,0,NA,NA,synpuf110k
1,7,403,660,513.4285714285714,107.9195026286679,450,403,416,626,660,observation time (days) prior to index,8,0,NA,NA,synpuf110k
1019,7,420,623,519.7142857142857,86.82302744801113,491,420,423,605,623,time (days) between cohort start and end,10,0,NA,NA,synpuf110k
1019,7,420,623,519.7142857142857,86.82302744801113,491,420,423,605,623,observation time (days) after index,9,0,NA,NA,synpuf110k
1019,7,1,13,7,4,8,1,4,10,13,Charlson index - Romano adaptation,901,0,NA,NA,synpuf110k
1019,7,46,79,64.42857142857143,13.252133700617708,67,46,46,74,79,age in years,2,0,NA,NA,synpuf110k
1019,7,403,660,513.4285714285714,107.9195026286679,450,403,416,626,660,observation time (days) prior to index,8,0,NA,NA,synpuf110k
2,151,12,700,443.841059602649,161.9806610973558,474,160,391,559,618,time (days) between cohort start and end,10,0,NA,NA,synpuf110k
2,151,365,701,521.476821192053,85.02970731354904,515,398,461,587,636,observation time (days) after index,9,0,NA,NA,synpuf110k
2,140,0,13,4.218543046357616,2.5819656780425895,4,1,2,6,8,Charlson index - Romano adaptation,901,0,NA,NA,synpuf110k
2,151,27,100,72.63576158940397,12.585962256264509,74,59,68,80,85,age in years,2,0,NA,NA,synpuf110k
2,151,365,687,477.25165562913907,76.95559053056044,467,385,410,523,593,observation time (days) prior to index,8,0,NA,NA,synpuf110k
2005,6,47,603,313.1666666666667,226.0631917554617,297,47,52,444,603,time (days) between cohort start and end,10,0,NA,NA,synpuf110k
2005,6,418,701,544,117.6384290952578,462,418,444,636,701,observation time (days) after index,9,0,NA,NA,synpuf110k
2005,6,1,9,5.666666666666667,3.204163957519444,5,1,3,8,9,Charlson index - Romano adaptation,901,0,NA,NA,synpuf110k
2005,6,40,47,44.166666666666664,2.9268868558020253,43,40,42,47,47,age in years,2,0,NA,NA,synpuf110k
2005,6,381,551,463,68.74009019487828,451,381,389,516,551,observation time (days) prior to index,8,0,NA,NA,synpuf110k
2006,6,268,663,479.1666666666667,127.7143949078046,465,268,457,526,663,time (days) between cohort start and end,10,0,NA,NA,synpuf110k
2006,6,457,663,532.8333333333334,78.8299858344949,496,457,465,582,663,observation time (days) after index,9,0,NA,NA,synpuf110k
2006,5,0,5,2.3333333333333335,1.6431676725154982,2,0,1,4,5,Charlson index - Romano adaptation,901,0,NA,NA,synpuf110k
2006,6,51,59,55.333333333333336,3.5023801430836525,54,51,52,59,59,age in years,2,0,NA,NA,synpuf110k
2006,6,418,556,467.6666666666667,51.06335933589433,438,418,434,495,556,observation time (days) prior to index,8,0,NA,NA,synpuf110k
2007,34,82,650,455.05882352941177,143.805411702542,463,229,390,576,607,time (days) between cohort start and end,10,0,NA,NA,synpuf110k
2007,34,376,650,510.5,83.21612970106362,518,390,430,579,618,observation time (days) after index,9,0,NA,NA,synpuf110k
2007,31,0,13,3.9705882352941178,2.7147545880094355,4,1,2,6,7,Charlson index - Romano adaptation,901,0,NA,NA,synpuf110k
2007,34,61,69,66.6470588235294,2.087224530054009,67,64,66,68,69,age in years,2,0,NA,NA,synpuf110k
2007,34,370,687,486.6470588235294,84.84277164366009,480,385,412,528,621,observation time (days) prior to index,8,0,NA,NA,synpuf110k
2008,63,14,658,459.8888888888889,157.0406882873919,491,152,425,561,614,time (days) between cohort start and end,10,0,NA,NA,synpuf110k
2008,63,369,694,528.3174603174604,81.7841031553801,527,416,467,601,635,observation time (days) after index,9,0,NA,NA,synpuf110k
2008,58,0,11,4.301587301587301,2.5914023233010197,4,1,2,6,8,Charlson index - Romano adaptation,901,0,NA,NA,synpuf110k
2008,63,70,79,74.68253968253968,2.815999202857961,75,70,72,77,78,age in years,2,0,NA,NA,synpuf110k
2008,63,371,639,472.5396825396826,62.536653870485814,467,400,421,515,549,observation time (days) prior to index,8,0,NA,NA,synpuf110k
2009,30,12,700,414.4,174.1298762220414,454,110,352,526,621,time (days) between cohort start and end,10,0,NA,NA,synpuf110k
2009,30,365,700,513.1666666666666,91.82783115544352,500,392,461,579,642,observation time (days) after index,9,0,NA,NA,synpuf110k
2009,28,0,11,4.366666666666667,2.667410610513381,4,1,2,6,8,Charlson index - Romano adaptation,901,0,NA,NA,synpuf110k
2009,30,80,89,83.66666666666667,2.9865599324113785,83,80,81,85,89,age in years,2,0,NA,NA,synpuf110k
2009,30,368,658,474.3,94.3610637118276,459,368,397,542,637,observation time (days) prior to index,8,0,NA,NA,synpuf110k
2010,7,81,549,360.7142857142857,173.486516561292,413,81,219,514,549,time (days) between cohort start and end,10,0,NA,NA,synpuf110k
2010,7,398,549,483.1428571428572,58.95599650425327,493,398,413,540,549,observation time (days) after index,9,0,NA,NA,synpuf110k
2010,7,3,6,4.285714285714286,1.3801311186847085,4,3,3,6,6,Charlson index - Romano adaptation,901,0,NA,NA,synpuf110k
2010,7,91,99,94.71428571428572,2.627691364061218,94,91,93,97,99,age in years,2,0,NA,NA,synpuf110k
2010,7,429,675,516.7142857142857,89.6562217318915,469,429,457,593,675,observation time (days) prior to index,8,0,NA,NA,synpuf110k
2012,65,47,700,449.5846153846154,153.1748278426171,469,201,397,556,614,time (days) between cohort start and end,10,0,NA,NA,synpuf110k
2012,65,378,701,524.2307692307693,89.2273726972925,526,398,459,582,650,observation time (days) after index,9,0,NA,NA,synpuf110k
2012,60,0,11,3.923076923076923,2.633712337740419,4,1,2,6,8,Charlson index - Romano adaptation,901,0,NA,NA,synpuf110k
2012,65,28,95,69.76923076923077,12.929821671683584,70,51,66,76,85,age in years,2,0,NA,NA,synpuf110k
2012,65,368,687,478.9230769230769,80.28003871065718,480,385,410,513,599,observation time (days) prior to index,8,0,NA,NA,synpuf110k
2013,86,12,658,439.5,169.0907692196535,475,132,390,559,618,time (days) between cohort start and end,10,0,NA,NA,synpuf110k
2013,86,365,658,519.3953488372093,82.18376525950744,513,406,462,589,627,observation time (days) after index,9,0,NA,NA,synpuf110k
2013,80,0,13,4.441860465116279,2.535694546952183,4,1,2,6,8,Charlson index - Romano adaptation,901,0,NA,NA,synpuf110k
2013,86,27,100,74.80232558139535,11.94282434567189,76,66,70,80,88,age in years,2,0,NA,NA,synpuf110k
2013,86,365,658,475.98837209302326,74.79642869518595,465,385,420,524,593,observation time (days) prior to index,8,0,NA,NA,synpuf110k
2014,14,75,614,435.57142857142856,173.9981053326175,496,123,386,557,596,time (days) between cohort start and end,10,0,NA,NA,synpuf110k
2014,14,386,694,517.7857142857143,89.71851585883533,507,391,492,594,614,observation time (days) after index,9,0,NA,NA,synpuf110k
2014,14,1,9,3.642857142857143,2.4053511772118195,3,1,2,5,7,Charlson index - Romano adaptation,901,0,NA,NA,synpuf110k
2014,14,59,86,72.5,8.1216709156145,70,64,66,77,84,age in years,2,0,NA,NA,synpuf110k
2014,14,382,650,469.92857142857144,90.40886978755866,421,383,402,531,635,observation time (days) prior to index,8,0,NA,NA,synpuf110k
2015,127,12,700,445.6929133858268,162.4461577130421,474,160,397,564,621,time (days) between cohort start and end,10,0,NA,NA,synpuf110k
2015,127,365,701,525.7086614173228,84.50379067633692,528,409,464,589,642,observation time (days) after index,9,0,NA,NA,synpuf110k
2015,117,0,13,4.291338582677166,2.6299416315877626,4,1,2,6,8,Charlson index - Romano adaptation,901,0,NA,NA,synpuf110k
2015,127,38,100,74.04724409448819,11.032317797974304,75,63,68,80,88,age in years,2,0,NA,NA,synpuf110k
2015,127,365,687,473.0314960629921,74.00149473049316,464,385,412,518,577,observation time (days) prior to index,8,0,NA,NA,synpuf110k
2017,10,52,652,431.9,154.3008965193225,457,52,397,495,537,time (days) between cohort start and end,10,0,NA,NA,synpuf110k
2017,10,387,652,472.9,77.49616477965574,461,387,412,495,537,observation time (days) after index,9,0,NA,NA,synpuf110k
2017,9,0,7,4.1,2.127857555800617,5,1,2,6,7,Charlson index - Romano adaptation,901,0,NA,NA,synpuf110k
2017,10,27,83,54.9,21.522339814971584,51,27,34,76,77,age in years,2,0,NA,NA,synpuf110k
2017,10,407,658,541.1,73.24456748910916,535,407,507,606,614,observation time (days) prior to index,8,0,NA,NA,synpuf110k
2019,146,12,700,442.3561643835616,163.764201373174,475,152,390,559,618,time (days) between cohort start and end,10,0,NA,NA,synpuf110k
2019,146,365,701,522.6506849315068,84.73924242300131,518,398,463,587,636,observation time (days) after index,9,0,NA,NA,synpuf110k
2019,135,0,13,4.178082191780822,2.59980438946096,4,1,2,6,8,Charlson index - Romano adaptation,901,0,NA,NA,synpuf110k
2019,146,38,100,73.5958904109589,10.980596533712696,74,63,68,80,86,age in years,2,0,NA,NA,synpuf110k
2019,146,365,687,474.5753424657534,75.22745606780568,465,385,410,520,584,observation time (days) prior to index,8,0,NA,NA,synpuf110k
3,18,366,585,479.77777777777777,78.06600190604595,500,380,395,547,565,time (days) between cohort start and end,10,0,NA,NA,synpuf110k
3,18,366,585,479.77777777777777,78.06600190604595,500,380,395,547,565,observation time (days) after index,9,0,NA,NA,synpuf110k
3,18,2,16,8.444444444444445,3.988545691354951,8,3,5,11,14,Charlson index - Romano adaptation,901,0,NA,NA,synpuf110k
3,18,40,94,71.27777777777777,13.389221106175867,71,42,66,79,87,age in years,2,0,NA,NA,synpuf110k
3,18,368,699,538.5555555555555,102.7957553611113,516,389,455,622,686,observation time (days) prior to index,8,0,NA,NA,synpuf110k
3008,9,366,549,454.44444444444446,78.84496038287912,406,366,395,547,549,time (days) between cohort start and end,10,0,NA,NA,synpuf110k
3008,9,366,549,454.44444444444446,78.84496038287912,406,366,395,547,549,observation time (days) after index,9,0,NA,NA,synpuf110k
3008,9,4,16,9,3.840572873934304,8,4,6,11,16,Charlson index - Romano adaptation,901,0,NA,NA,synpuf110k
3008,9,70,79,73.22222222222223,3.192874010111336,74,70,70,75,79,age in years,2,0,NA,NA,synpuf110k
3008,9,449,686,578.2222222222222,84.67847686658307,584,449,516,651,686,observation time (days) prior to index,8,0,NA,NA,synpuf110k
3012,7,381,585,506,83.70384300217842,542,381,395,565,585,time (days) between cohort start and end,10,0,NA,NA,synpuf110k
3012,7,381,585,506,83.70384300217842,542,381,395,565,585,observation time (days) after index,9,0,NA,NA,synpuf110k
3012,7,2,16,8.857142857142858,5.727959829601096,11,2,3,14,16,Charlson index - Romano adaptation,901,0,NA,NA,synpuf110k
3012,7,40,94,70.85714285714286,21.68277789266996,79,40,42,87,94,age in years,2,0,NA,NA,synpuf110k
3012,7,368,686,500.2857142857143,114.2157523953596,495,368,389,609,686,observation time (days) prior to index,8,0,NA,NA,synpuf110k
3013,11,366,549,463.09090909090907,73.27271599368287,497,380,395,547,547,time (days) between cohort start and end,10,0,NA,NA,synpuf110k
3013,11,366,549,463.09090909090907,73.27271599368287,497,380,395,547,547,observation time (days) after index,9,0,NA,NA,synpuf110k
3013,11,4,12,8.181818181818182,2.67649703224875,8,5,6,11,11,Charlson index - Romano adaptation,901,0,NA,NA,synpuf110k
3013,11,65,80,71.54545454545455,4.740540820700447,71,66,66,75,76,age in years,2,0,NA,NA,synpuf110k
3013,11,422,699,562.9090909090909,91.97331628842632,540,449,500,651,680,observation time (days) prior to index,8,0,NA,NA,synpuf110k
3015,13,380,585,482.0769230769231,77.61922178006934,500,381,402,547,565,time (days) between cohort start and end,10,0,NA,NA,synpuf110k
3015,13,380,585,482.0769230769231,77.61922178006934,500,381,402,547,565,observation time (days) after index,9,0,NA,NA,synpuf110k
3015,13,4,16,8.692307692307692,3.7943953269837207,8,4,6,11,14,Charlson index - Romano adaptation,901,0,NA,NA,synpuf110k
3015,13,40,87,71.6923076923077,11.448323133284742,74,66,70,76,84,age in years,2,0,NA,NA,synpuf110k
3015,13,389,699,550.7692307692307,92.67969379009428,529,449,500,622,686,observation time (days) prior to index,8,0,NA,NA,synpuf110k
3019,17,380,585,486.47058823529414,74.95675223675552,505,381,402,547,565,time (days) between cohort start and end,10,0,NA,NA,synpuf110k
3019,17,380,585,486.47058823529414,74.95675223675552,505,381,402,547,565,observation time (days) after index,9,0,NA,NA,synpuf110k
3019,17,2,16,8.235294117647058,4.008263523096783,8,3,5,11,14,Charlson index - Romano adaptation,901,0,NA,NA,synpuf110k
3019,17,40,94,71.29411764705883,13.801108224896076,74,42,66,79,87,age in years,2,0,NA,NA,synpuf110k
3019,17,368,699,530.2352941176471,99.51603477063678,516,389,455,609,686,observation time (days) prior to index,8,0,NA,NA,synpuf110k
4,884,365,722,507.85407239819006,89.39601141935236,500,393,430,578,635,time (days) between cohort start and end,10,0,NA,NA,synpuf110k
4,884,365,722,507.85407239819006,89.39601141935236,500,393,430,578,635,observation time (days) after index,9,0,NA,NA,synpuf110k
4,882,0,21,7.467194570135747,3.5680951237965317,7,3,5,9,12,Charlson index - Romano adaptation,901,0,NA,NA,synpuf110k
4,884,26,100,72.70135746606334,13.004100684852842,73,55,67,81,88,age in years,2,0,NA,NA,synpuf110k
4,884,365,707,491.3721719457014,84.83953646968901,480,389,418,549,621,observation time (days) prior to index,8,0,NA,NA,synpuf110k
4004,17,391,671,513.2941176470588,85.63787472979052,510,393,453,593,631,time (days) between cohort start and end,10,0,NA,NA,synpuf110k
4004,17,391,671,513.2941176470588,85.63787472979052,510,393,453,593,631,observation time (days) after index,9,0,NA,NA,synpuf110k
4004,17,2,14,7.9411764705882355,3.4363968818242987,8,4,6,9,13,Charlson index - Romano adaptation,901,0,NA,NA,synpuf110k
4004,17,30,39,35.88235294117647,2.6898502035702765,36,30,35,38,39,age in years,2,0,NA,NA,synpuf110k
4004,17,369,650,504.05882352941177,89.66079870004177,485,375,454,565,634,observation time (days) prior to index,8,0,NA,NA,synpuf110k
4005,39,368,707,521.1282051282051,102.5855687725026,516,389,434,605,666,time (days) between cohort start and end,10,0,NA,NA,synpuf110k
4005,39,368,707,521.1282051282051,102.5855687725026,516,389,434,605,666,observation time (days) after index,9,0,NA,NA,synpuf110k
4005,39,3,15,6.794871794871795,3.1050001032247394,7,3,4,10,11,Charlson index - Romano adaptation,901,0,NA,NA,synpuf110k
4005,39,40,49,45.43589743589744,2.8726924084235517,46,41,43,48,49,age in years,2,0,NA,NA,synpuf110k
4005,39,369,707,494.3333333333333,86.04323678530015,480,387,419,569,624,observation time (days) prior to index,8,0,NA,NA,synpuf110k
4006,51,374,694,492.5490196078431,89.56300882071575,478,390,409,575,622,time (days) between cohort start and end,10,0,NA,NA,synpuf110k
4006,51,374,694,492.5490196078431,89.56300882071575,478,390,409,575,622,observation time (days) after index,9,0,NA,NA,synpuf110k
4006,51,2,20,7.294117647058823,3.7325279243272047,7,3,4,10,11,Charlson index - Romano adaptation,901,0,NA,NA,synpuf110k
4006,51,50,59,54.666666666666664,2.9709706606876254,55,51,52,57,59,age in years,2,0,NA,NA,synpuf110k
4006,51,370,697,502.5882352941176,92.07131507056653,490,389,412,583,617,observation time (days) prior to index,8,0,NA,NA,synpuf110k
4007,194,365,715,505.5721649484536,86.41475747393122,508,392,422,574,622,time (days) between cohort start and end,10,0,NA,NA,synpuf110k
4007,194,365,715,505.5721649484536,86.41475747393122,508,392,422,574,622,observation time (days) after index,9,0,NA,NA,synpuf110k
4007,194,1,21,7.371134020618556,3.8678148163333774,7,3,5,9,12,Charlson index - Romano adaptation,901,0,NA,NA,synpuf110k
4007,194,60,69,66.35567010309278,2.439377694878866,67,62,66,68,69,age in years,2,0,NA,NA,synpuf110k
4007,194,365,704,488.87113402061857,82.35257760438087,481,389,415,539,617,observation time (days) prior to index,8,0,NA,NA,synpuf110k
4008,316,365,714,509.2974683544304,89.40544420720633,498,393,435,580,642,time (days) between cohort start and end,10,0,NA,NA,synpuf110k
4008,316,365,714,509.2974683544304,89.40544420720633,498,393,435,580,642,observation time (days) after index,9,0,NA,NA,synpuf110k
4008,314,0,19,7.382911392405063,3.4125115589108335,7,3,5,9,12,Charlson index - Romano adaptation,901,0,NA,NA,synpuf110k
4008,316,70,79,74.15506329113924,2.88917074868017,74,70,71,77,78,age in years,2,0,NA,NA,synpuf110k
4008,316,365,706,490.8955696202532,83.44289091229693,481,388,423,552,621,observation time (days) prior to index,8,0,NA,NA,synpuf110k
4009,204,366,716,503.69607843137254,86.26814528520643,497,393,429,571,634,time (days) between cohort start and end,10,0,NA,NA,synpuf110k
4009,204,366,716,503.69607843137254,86.26814528520643,497,393,429,571,634,observation time (days) after index,9,0,NA,NA,synpuf110k
4009,204,1,20,7.598039215686274,3.6001089308138288,7,3,5,9,12,Charlson index - Romano adaptation,901,0,NA,NA,synpuf110k
4009,204,80,89,84.1421568627451,2.958562301444576,84,80,81,87,88,age in years,2,0,NA,NA,synpuf110k
4009,204,366,707,493.4803921568627,84.51906601496789,481,389,421,546,621,observation time (days) prior to index,8,0,NA,NA,synpuf110k
4010,52,368,722,521.2115384615385,102.2811075531186,502,395,422,602,653,time (days) between cohort start and end,10,0,NA,NA,synpuf110k
4010,52,368,722,521.2115384615385,102.2811075531186,502,395,422,602,653,observation time (days) after index,9,0,NA,NA,synpuf110k
4010,52,2,17,8.307692307692308,3.556482408104299,8,3,6,10,13,Charlson index - Romano adaptation,901,0,NA,NA,synpuf110k
4010,52,90,99,94.0576923076923,3.2564473697722387,94,90,91,97,99,age in years,2,0,NA,NA,synpuf110k
4010,52,365,705,487.0192307692308,98.82118737349032,460,387,400,555,658,observation time (days) prior to index,8,0,NA,NA,synpuf110k
4011,6,375,705,554,121.0404890935261,537,375,481,667,705,time (days) between cohort start and end,10,0,NA,NA,synpuf110k
4011,6,375,705,554,121.0404890935261,537,375,481,667,705,observation time (days) after index,9,0,NA,NA,synpuf110k
4011,6,4,13,8.333333333333334,3.32665998663324,7,4,6,11,13,Charlson index - Romano adaptation,901,0,NA,NA,synpuf110k
4011,6,100,100,100,0,100,100,100,100,100,age in years,2,0,NA,NA,synpuf110k
4011,6,376,535,426.8333333333333,59.354584209365555,397,376,380,442,535,observation time (days) prior to index,8,0,NA,NA,synpuf110k
4012,365,365,715,504.986301369863,87.80621350743534,500,393,428,574,626,time (days) between cohort start and end,10,0,NA,NA,synpuf110k
4012,365,365,715,504.986301369863,87.80621350743534,500,393,428,574,626,observation time (days) after index,9,0,NA,NA,synpuf110k
4012,365,1,20,7.471232876712329,3.6135231146368847,7,3,5,10,12,Charlson index - Romano adaptation,901,0,NA,NA,synpuf110k
4012,365,26,100,70.81095890410958,13.773277615577893,72,51,66,80,86,age in years,2,0,NA,NA,synpuf110k
4012,365,365,707,490.27945205479455,86.15322243516296,475,389,414,552,623,observation time (days) prior to index,8,0,NA,NA,synpuf110k
4013,519,365,722,509.8709055876686,90.52716001368638,500,393,432,584,642,time (days) between cohort start and end,10,0,NA,NA,synpuf110k
4013,519,365,722,509.8709055876686,90.52716001368638,500,393,432,584,642,observation time (days) after index,9,0,NA,NA,synpuf110k
4013,517,0,21,7.464354527938343,3.5391570147722735,7,3,5,9,12,Charlson index - Romano adaptation,901,0,NA,NA,synpuf110k
4013,519,26,100,74.03082851637765,12.274806004155364,74,60,69,82,89,age in years,2,0,NA,NA,synpuf110k
4013,519,365,707,492.14065510597305,83.97833343683772,481,388,424,548,619,observation time (days) prior to index,8,0,NA,NA,synpuf110k
4014,88,365,716,496.25,99.0453570775566,466,388,401,584,654,time (days) between cohort start and end,10,0,NA,NA,synpuf110k
4014,88,365,716,496.25,99.0453570775566,466,388,401,584,654,observation time (days) after index,9,0,NA,NA,synpuf110k
4014,88,2,16,7.193181818181818,3.258438927220248,7,3,5,9,11,Charlson index - Romano adaptation,901,0,NA,NA,synpuf110k
4014,88,28,99,66.81818181818181,15.83212611577714,70,42,56,78,85,age in years,2,0,NA,NA,synpuf110k
4014,88,366,694,503.46590909090907,88.63212734028899,501,389,415,571,628,observation time (days) prior to index,8,0,NA,NA,synpuf110k
4015,742,365,722,507.4919137466307,87.51101300643396,500,395,432,575,632,time (days) between cohort start and end,10,0,NA,NA,synpuf110k
4015,742,365,722,507.4919137466307,87.51101300643396,500,395,432,575,632,observation time (days) after index,9,0,NA,NA,synpuf110k
4015,741,0,21,7.497304582210242,3.644175133149481,7,3,5,10,12,Charlson index - Romano adaptation,901,0,NA,NA,synpuf110k
4015,742,26,100,73.277628032345,12.524136407223594,74,58,67,81,88,age in years,2,0,NA,NA,synpuf110k
4015,742,365,707,490.1590296495957,84.10024892010054,477,389,419,545,620,observation time (days) prior to index,8,0,NA,NA,synpuf110k
4017,54,366,708,531.7407407407408,95.72842585367256,530,399,462,602,671,time (days) between cohort start and end,10,0,NA,NA,synpuf110k
4017,54,366,708,531.7407407407408,95.72842585367256,530,399,462,602,671,observation time (days) after index,9,0,NA,NA,synpuf110k
4017,53,0,15,7.5,2.9619012840159686,7,4,6,9,12,Charlson index - Romano adaptation,901,0,NA,NA,synpuf110k
4017,54,43,98,74.37037037037037,12.164433613746942,74,59,70,83,89,age in years,2,0,NA,NA,synpuf110k
4017,54,367,706,488.3333333333333,88.67196276801408,466,387,412,548,618,observation time (days) prior to index,8,0,NA,NA,synpuf110k
4018,17,366,708,533.4117647058823,112.7625041977216,520,377,467,621,707,time (days) between cohort start and end,10,0,NA,NA,synpuf110k
4018,17,366,708,533.4117647058823,112.7625041977216,520,377,467,621,707,observation time (days) after index,9,0,NA,NA,synpuf110k
4018,16,0,14,7.588235294117647,2.9993054751614303,7,5,5,10,14,Charlson index - Romano adaptation,901,0,NA,NA,synpuf110k
4018,17,49,90,75.52941176470588,9.938043362873444,77,66,71,83,88,age in years,2,0,NA,NA,synpuf110k
4018,17,367,705,487.7058823529411,91.91012233826748,468,382,425,548,594,observation time (days) prior to index,8,0,NA,NA,synpuf110k
4019,867,365,722,507.3529411764706,88.88490624898839,500,393,430,578,634,time (days) between cohort start and end,10,0,NA,NA,synpuf110k
4019,867,365,722,507.3529411764706,88.88490624898839,500,393,430,578,634,observation time (days) after index,9,0,NA,NA,synpuf110k
4019,866,0,21,7.46482122260669,3.578337060976972,7,3,5,9,12,Charlson index - Romano adaptation,901,0,NA,NA,synpuf110k
4019,867,26,100,72.64590542099192,13.05532254832982,73,55,67,81,88,age in years,2,0,NA,NA,synpuf110k
4019,867,365,707,491.4440599769319,84.75081009449451,480,389,418,549,621,observation time (days) prior to index,8,0,NA,NA,synpuf110k
6,21,55,632,476.6666666666667,144.3715115018657,507,219,474,571,582,time (days) between cohort start and end,10,0,NA,NA,synpuf110k
6,21,373,632,525.952380952381,68.60428280397383,538,420,484,577,593,observation time (days) after index,9,0,NA,NA,synpuf110k
6,21,2,13,6.9523809523809526,2.9236311408279683,7,3,5,9,10,Charlson index - Romano adaptation,901,0,NA,NA,synpuf110k
6,21,56,99,77.33333333333333,9.6142255711697,76,66,72,83,86,age in years,2,0,NA,NA,synpuf110k
6,21,372,639,473.95238095238096,74.42679369049576,461,393,400,533,547,observation time (days) prior to index,8,0,NA,NA,synpuf110k
6008,7,55,632,383,218.575692457632,474,55,216,582,632,time (days) between cohort start and end,10,0,NA,NA,synpuf110k
6008,7,373,632,508.8571428571428,97.44815471389316,503,373,408,590,632,observation time (days) after index,9,0,NA,NA,synpuf110k
6008,7,5,12,7.714285714285714,2.4976179127511156,7,5,6,10,12,Charlson index - Romano adaptation,901,0,NA,NA,synpuf110k
6008,7,72,78,75.28571428571429,1.7994708216848747,75,72,75,76,78,age in years,2,0,NA,NA,synpuf110k
6008,7,393,639,513.1428571428571,91.7613363957983,529,393,430,603,639,observation time (days) prior to index,8,0,NA,NA,synpuf110k
6009,7,439,605,527.2857142857143,55.96640148551714,538,439,482,571,605,time (days) between cohort start and end,10,0,NA,NA,synpuf110k
6009,7,482,605,549.2857142857143,44.58966354703851,549,482,507,593,605,observation time (days) after index,9,0,NA,NA,synpuf110k
6009,7,5,13,8.714285714285714,2.4976179127511156,9,5,7,10,13,Charlson index - Romano adaptation,901,0,NA,NA,synpuf110k
6009,7,81,86,83.42857142857143,1.9023794624226835,83,81,82,85,86,age in years,2,0,NA,NA,synpuf110k
6009,7,372,536,456.7142857142857,68.26593656603633,458,372,398,535,536,observation time (days) prior to index,8,0,NA,NA,synpuf110k
6012,14,216,605,467.6428571428572,117.9280139895372,484,219,439,549,577,time (days) between cohort start and end,10,0,NA,NA,synpuf110k
6012,14,408,605,518.8571428571429,63.45544426283222,503,420,482,577,593,observation time (days) after index,9,0,NA,NA,synpuf110k
6012,14,3,13,7.571428571428571,3.056249227510633,7,4,5,10,12,Charlson index - Romano adaptation,901,0,NA,NA,synpuf110k
6012,14,56,90,77.28571428571429,9.24394663823572,76,66,72,85,86,age in years,2,0,NA,NA,synpuf110k
6012,14,372,603,471.2857142857143,72.4541537498327,458,392,398,533,547,observation time (days) prior to index,8,0,NA,NA,synpuf110k
6013,7,55,632,494.7142857142857,196.9142912417433,555,55,527,582,632,time (days) between cohort start and end,10,0,NA,NA,synpuf110k
6013,7,373,632,540.1428571428571,81.31303415695128,555,373,527,582,632,observation time (days) after index,9,0,NA,NA,synpuf110k
6013,7,2,8,5.714285714285714,2.3603873774083293,6,2,3,8,8,Charlson index - Romano adaptation,901,0,NA,NA,synpuf110k
6013,7,66,99,77.42857142857143,11.0883894661209,75,66,67,82,99,age in years,2,0,NA,NA,synpuf110k
6013,7,393,639,479.2857142857143,83.90811300804845,461,393,422,536,639,observation time (days) prior to index,8,0,NA,NA,synpuf110k
6015,19,55,632,464.7894736842105,146.8633450022951,503,216,439,555,582,time (days) between cohort start and end,10,0,NA,NA,synpuf110k
6015,19,373,632,519.2631578947369,68.60664213492188,527,408,482,577,593,observation time (days) after index,9,0,NA,NA,synpuf110k
6015,19,2,13,7.052631578947368,2.895853054331435,7,3,5,9,12,Charlson index - Romano adaptation,901,0,NA,NA,synpuf110k
6015,19,56,99,77.47368421052632,9.558988911273406,76,66,72,83,90,age in years,2,0,NA,NA,synpuf110k
6015,19,372,639,474.7894736842105,78.35785357176566,461,392,398,535,603,observation time (days) prior to index,8,0,NA,NA,synpuf110k
6019,21,55,632,476.6666666666667,144.3715115018657,507,219,474,571,582,time (days) between cohort start and end,10,0,NA,NA,synpuf110k
6019,21,373,632,525.952380952381,68.60428280397383,538,420,484,577,593,observation time (days) after index,9,0,NA,NA,synpuf110k
6019,21,2,13,6.9523809523809526,2.9236311408279683,7,3,5,9,10,Charlson index - Romano adaptation,901,0,NA,NA,synpuf110k
6019,21,56,99,77.33333333333333,9.6142255711697,76,66,72,83,86,age in years,2,0,NA,NA,synpuf110k
6019,21,372,639,473.95238095238096,74.42679369049576,461,393,400,533,547,observation time (days) prior to index,8,0,NA,NA,synpuf110k
8,271,365,716,512.4612546125461,93.46362618238636,503,388,435,580,647,time (days) between cohort start and end,10,0,NA,NA,synpuf110k
8,271,365,716,512.4612546125461,93.46362618238636,503,388,435,580,647,observation time (days) after index,9,0,NA,NA,synpuf110k
8,267,0,21,7.011070110701107,3.668295761450056,7,3,4,9,12,Charlson index - Romano adaptation,901,0,NA,NA,synpuf110k
8,271,30,100,73.619926199262,12.216238797801214,75,59,68,82,88,age in years,2,0,NA,NA,synpuf110k
8,271,365,701,490.37269372693726,91.0083707573218,474,379,409,563,628,observation time (days) prior to index,8,0,NA,NA,synpuf110k
8005,6,372,634,495.1666666666667,102.7471005268113,477,372,388,566,634,time (days) between cohort start and end,10,0,NA,NA,synpuf110k
8005,6,372,634,495.1666666666667,102.7471005268113,477,372,388,566,634,observation time (days) after index,9,0,NA,NA,synpuf110k
8005,6,4,12,8.333333333333334,2.875181153713043,8,4,7,11,12,Charlson index - Romano adaptation,901,0,NA,NA,synpuf110k
8005,6,40,48,45,3.5777087639996634,46,40,41,48,48,age in years,2,0,NA,NA,synpuf110k
8005,6,417,660,498.3333333333333,99.27268842268082,437,417,436,583,660,observation time (days) prior to index,8,0,NA,NA,synpuf110k
8006,17,392,663,503.5882352941176,92.73150679753444,491,396,416,610,638,time (days) between cohort start and end,10,0,NA,NA,synpuf110k
8006,17,392,663,503.5882352941176,92.73150679753444,491,396,416,610,638,observation time (days) after index,9,0,NA,NA,synpuf110k
8006,16,0,13,6,2.7294688127912363,6,3,4,7,10,Charlson index - Romano adaptation,901,0,NA,NA,synpuf110k
8006,17,50,59,54.05882352941177,2.7493314695415982,54,50,51,56,58,age in years,2,0,NA,NA,synpuf110k
8006,17,374,671,492.5882352941176,97.76825841213076,478,388,393,575,634,observation time (days) prior to index,8,0,NA,NA,synpuf110k
8007,54,367,704,517.9074074074074,86.53808595903615,507,414,457,578,647,time (days) between cohort start and end,10,0,NA,NA,synpuf110k
8007,54,367,704,517.9074074074074,86.53808595903615,507,414,457,578,647,observation time (days) after index,9,0,NA,NA,synpuf110k
8007,53,0,19,6.555555555555555,4.173052677623145,6,2,3,8,12,Charlson index - Romano adaptation,901,0,NA,NA,synpuf110k
8007,54,60,69,65.5,2.9508553285126196,66,60,64,68,69,age in years,2,0,NA,NA,synpuf110k
8007,54,366,640,476.6851851851851,81.13925231936878,470,374,402,537,600,observation time (days) prior to index,8,0,NA,NA,synpuf110k
8008,109,366,716,504.3761467889908,92.25726800545368,496,385,430,575,645,time (days) between cohort start and end,10,0,NA,NA,synpuf110k
8008,109,366,716,504.3761467889908,92.25726800545368,496,385,430,575,645,observation time (days) after index,9,0,NA,NA,synpuf110k
8008,107,0,21,7.146788990825688,3.748696358366904,7,3,4,9,13,Charlson index - Romano adaptation,901,0,NA,NA,synpuf110k
8008,109,70,79,74.35779816513761,2.8104399806456315,75,70,72,77,78,age in years,2,0,NA,NA,synpuf110k
8008,109,366,701,491.7798165137615,94.099273602715,482,376,407,565,629,observation time (days) prior to index,8,0,NA,NA,synpuf110k
8009,58,365,695,524.5344827586207,100.4605561973562,507,384,446,614,672,time (days) between cohort start and end,10,0,NA,NA,synpuf110k
8009,58,365,695,524.5344827586207,100.4605561973562,507,384,446,614,672,observation time (days) after index,9,0,NA,NA,synpuf110k
8009,58,1,14,6.982758620689655,3.316579189415085,7,3,5,9,12,Charlson index - Romano adaptation,901,0,NA,NA,synpuf110k
8009,58,80,89,84.13793103448276,2.8125550340787497,84,81,82,87,88,age in years,2,0,NA,NA,synpuf110k
8009,58,365,694,490.3965517241379,84.39442478783303,468,390,419,545,616,observation time (days) prior to index,8,0,NA,NA,synpuf110k
8010,20,368,688,515.45,97.42391093080091,510,378,425,593,637,time (days) between cohort start and end,10,0,NA,NA,synpuf110k
8010,20,368,688,515.45,97.42391093080091,510,378,425,593,637,observation time (days) after index,9,0,NA,NA,synpuf110k
8010,20,1,15,7.65,4.081730799034825,8,1,4,10,13,Charlson index - Romano adaptation,901,0,NA,NA,synpuf110k
8010,20,90,97,93.3,3.0625067132042423,92,90,90,96,97,age in years,2,0,NA,NA,synpuf110k
8010,20,370,683,506.3,109.8803655656556,474,373,401,588,666,observation time (days) prior to index,8,0,NA,NA,synpuf110k
8012,117,368,716,510.7435897435897,93.81356730846868,497,396,428,580,656,time (days) between cohort start and end,10,0,NA,NA,synpuf110k
8012,117,368,716,510.7435897435897,93.81356730846868,497,396,428,580,656,observation time (days) after index,9,0,NA,NA,synpuf110k
8012,113,0,19,6.6581196581196584,3.276983673665701,7,2,4,8,12,Charlson index - Romano adaptation,901,0,NA,NA,synpuf110k
8012,117,30,100,71.8119658119658,12.251623132390725,73,54,66,78,85,age in years,2,0,NA,NA,synpuf110k
8012,117,365,683,494.2478632478632,94.36492864579492,490,378,408,575,634,observation time (days) prior to index,8,0,NA,NA,synpuf110k
8013,154,365,711,513.7662337662338,93.48200988773657,509,385,437,580,647,time (days) between cohort start and end,10,0,NA,NA,synpuf110k
8013,154,365,711,513.7662337662338,93.48200988773657,509,385,437,580,647,observation time (days) after index,9,0,NA,NA,synpuf110k
8013,154,1,21,7.279220779220779,3.933261470341783,7,3,4,10,13,Charlson index - Romano adaptation,901,0,NA,NA,synpuf110k
8013,154,36,100,74.99350649350649,12.048104427829264,75,61,69,82,90,age in years,2,0,NA,NA,synpuf110k
8013,154,367,701,487.42857142857144,88.57033371812093,470,380,412,555,616,observation time (days) prior to index,8,0,NA,NA,synpuf110k
8014,21,366,704,523.047619047619,105.3961461299588,524,386,435,624,639,time (days) between cohort start and end,10,0,NA,NA,synpuf110k
8014,21,366,704,523.047619047619,105.3961461299588,524,386,435,624,639,observation time (days) after index,9,0,NA,NA,synpuf110k
8014,21,1,15,7.190476190476191,3.7897103796866536,6,3,5,10,12,Charlson index - Romano adaptation,901,0,NA,NA,synpuf110k
8014,21,50,100,73.19047619047619,13.257522572558749,72,56,66,78,90,age in years,2,0,NA,NA,synpuf110k
8014,21,374,683,481.4761904761905,93.49364633365148,449,388,396,534,621,observation time (days) prior to index,8,0,NA,NA,synpuf110k
8015,231,365,716,510.9480519480519,92.93483871072569,501,385,433,580,647,time (days) between cohort start and end,10,0,NA,NA,synpuf110k
8015,231,365,716,510.9480519480519,92.93483871072569,501,385,433,580,647,observation time (days) after index,9,0,NA,NA,synpuf110k
8015,227,0,21,7.082251082251083,3.6840175756423066,7,3,4,9,12,Charlson index - Romano adaptation,901,0,NA,NA,synpuf110k
8015,231,30,100,73.81818181818181,12.05320878012296,75,60,68,82,88,age in years,2,0,NA,NA,synpuf110k
8015,231,365,701,492.0735930735931,91.1369191863145,478,378,412,563,628,observation time (days) prior to index,8,0,NA,NA,synpuf110k
8017,19,394,671,519.1578947368421,90.11921928318355,515,395,443,598,661,time (days) between cohort start and end,10,0,NA,NA,synpuf110k
8017,19,394,671,519.1578947368421,90.11921928318355,515,395,443,598,661,observation time (days) after index,9,0,NA,NA,synpuf110k
8017,19,2,14,5.947368421052632,3.3077969205857025,6,2,3,8,11,Charlson index - Romano adaptation,901,0,NA,NA,synpuf110k
8017,19,36,95,71.6842105263158,13.499187759840908,72,51,67,82,86,age in years,2,0,NA,NA,synpuf110k
8017,19,366,652,479.5263157894737,90.2246384316222,446,374,413,555,631,observation time (days) prior to index,8,0,NA,NA,synpuf110k
8018,9,395,661,530.3333333333334,90.05831444125523,515,395,458,598,661,time (days) between cohort start and end,10,0,NA,NA,synpuf110k
8018,9,395,661,530.3333333333334,90.05831444125523,515,395,458,598,661,observation time (days) after index,9,0,NA,NA,synpuf110k
8018,9,2,11,5.333333333333333,2.9154759474226504,4,2,3,7,11,Charlson index - Romano adaptation,901,0,NA,NA,synpuf110k
8018,9,36,95,70.77777777777777,16.596519046006136,72,36,67,79,95,age in years,2,0,NA,NA,synpuf110k
8018,9,366,631,448.44444444444446,79.9251385846642,435,366,401,474,631,observation time (days) prior to index,8,0,NA,NA,synpuf110k
8019,262,365,716,511.8473282442748,93.68394517137229,501,386,435,580,647,time (days) between cohort start and end,10,0,NA,NA,synpuf110k
8019,262,365,716,511.8473282442748,93.68394517137229,501,386,435,580,647,observation time (days) after index,9,0,NA,NA,synpuf110k
8019,258,0,21,7.068702290076336,3.680740943008951,7,3,4,9,12,Charlson index - Romano adaptation,901,0,NA,NA,synpuf110k
8019,262,30,100,73.7175572519084,12.068625489805571,75,59,68,82,88,age in years,2,0,NA,NA,synpuf110k
8019,262,365,701,491.81297709923666,91.1571384602015,478,379,412,563,628,observation time (days) prior to index,8,0,NA,NA,synpuf110k
