cohortDefinitionId,n,pct,name,analysisId,conceptId,valueAsConceptId,collisions,database
1,7,1,ethnicity = Not Hispanic or Latino,5,38003564,NA,NA,synpuf110k
1,2,0.2857142857142857,gender = MALE,1,8507,NA,NA,synpuf110k
1,5,0.7142857142857143,gender = FEMALE,1,8532,NA,NA,synpuf110k
1,2,0.2857142857142857,race = Black or African American,4,8516,NA,NA,synpuf110k
1,5,0.7142857142857143,race = White,4,8527,NA,NA,synpuf110k
1,2,0.2857142857142857,age group:  45 -  49,3,0,NA,NA,synpuf110k
1,2,0.2857142857142857,age group:  65 -  69,3,0,NA,NA,synpuf110k
1,2,0.2857142857142857,age group:  70 -  74,3,0,NA,NA,synpuf110k
1,1,0.14285714285714285,age group:  75 -  79,3,0,NA,NA,synpuf110k
1,7,1,index year: 2009,6,0,NA,NA,synpuf110k
1019,7,1,ethnicity = Not Hispanic or Latino,5,38003564,NA,NA,synpuf110k
1019,2,0.2857142857142857,gender = MALE,1,8507,NA,NA,synpuf110k
1019,5,0.7142857142857143,gender = FEMALE,1,8532,NA,NA,synpuf110k
1019,2,0.2857142857142857,race = Black or African American,4,8516,NA,NA,synpuf110k
1019,5,0.7142857142857143,race = White,4,8527,NA,NA,synpuf110k
1019,2,0.2857142857142857,age group:  45 -  49,3,0,NA,NA,synpuf110k
1019,2,0.2857142857142857,age group:  65 -  69,3,0,NA,NA,synpuf110k
1019,2,0.2857142857142857,age group:  70 -  74,3,0,NA,NA,synpuf110k
1019,1,0.14285714285714285,age group:  75 -  79,3,0,NA,NA,synpuf110k
1019,7,1,index year: 2009,6,0,NA,NA,synpuf110k
2,5,0.03311258278145695,ethnicity = Hispanic or Latino,5,38003563,NA,NA,synpuf110k
2,146,0.9668874172185432,ethnicity = Not Hispanic or Latino,5,38003564,NA,NA,synpuf110k
2,65,0.4304635761589404,gender = MALE,1,8507,NA,NA,synpuf110k
2,86,0.5695364238410596,gender = FEMALE,1,8532,NA,NA,synpuf110k
2,14,0.09271523178807949,race = Black or African American,4,8516,NA,NA,synpuf110k
2,127,0.8410596026490066,race = White,4,8527,NA,NA,synpuf110k
2,2,0.01324503311258278,age group:  25 -  29,3,0,NA,NA,synpuf110k
2,1,0.00662251655629139,age group:  30 -  34,3,0,NA,NA,synpuf110k
2,1,0.00662251655629139,age group:  35 -  39,3,0,NA,NA,synpuf110k
2,3,0.01986754966887417,age group:  40 -  44,3,0,NA,NA,synpuf110k
2,3,0.01986754966887417,age group:  45 -  49,3,0,NA,NA,synpuf110k
2,3,0.01986754966887417,age group:  50 -  54,3,0,NA,NA,synpuf110k
2,3,0.01986754966887417,age group:  55 -  59,3,0,NA,NA,synpuf110k
2,5,0.03311258278145695,age group:  60 -  64,3,0,NA,NA,synpuf110k
2,29,0.1920529801324503,age group:  65 -  69,3,0,NA,NA,synpuf110k
2,27,0.17880794701986755,age group:  70 -  74,3,0,NA,NA,synpuf110k
2,36,0.2384105960264901,age group:  75 -  79,3,0,NA,NA,synpuf110k
2,19,0.12582781456953643,age group:  80 -  84,3,0,NA,NA,synpuf110k
2,11,0.0728476821192053,age group:  85 -  89,3,0,NA,NA,synpuf110k
2,4,0.02649006622516556,age group:  90 -  94,3,0,NA,NA,synpuf110k
2,3,0.01986754966887417,age group:  95 -  99,3,0,NA,NA,synpuf110k
2,1,0.00662251655629139,age group: 100 - 104,3,0,NA,NA,synpuf110k
2,151,1,index year: 2009,6,0,NA,NA,synpuf110k
2005,6,1,ethnicity = Not Hispanic or Latino,5,38003564,NA,NA,synpuf110k
2005,4,0.6666666666666666,gender = MALE,1,8507,NA,NA,synpuf110k
2005,2,0.3333333333333333,gender = FEMALE,1,8532,NA,NA,synpuf110k
2005,5,0.8333333333333334,race = White,4,8527,NA,NA,synpuf110k
2005,3,0.5,age group:  40 -  44,3,0,NA,NA,synpuf110k
2005,3,0.5,age group:  45 -  49,3,0,NA,NA,synpuf110k
2005,6,1,index year: 2009,6,0,NA,NA,synpuf110k
2006,1,0.16666666666666666,ethnicity = Hispanic or Latino,5,38003563,NA,NA,synpuf110k
2006,5,0.8333333333333334,ethnicity = Not Hispanic or Latino,5,38003564,NA,NA,synpuf110k
2006,4,0.6666666666666666,gender = MALE,1,8507,NA,NA,synpuf110k
2006,2,0.3333333333333333,gender = FEMALE,1,8532,NA,NA,synpuf110k
2006,1,0.16666666666666666,race = Black or African American,4,8516,NA,NA,synpuf110k
2006,4,0.6666666666666666,race = White,4,8527,NA,NA,synpuf110k
2006,3,0.5,age group:  50 -  54,3,0,NA,NA,synpuf110k
2006,3,0.5,age group:  55 -  59,3,0,NA,NA,synpuf110k
2006,6,1,index year: 2009,6,0,NA,NA,synpuf110k
2007,34,1,ethnicity = Not Hispanic or Latino,5,38003564,NA,NA,synpuf110k
2007,19,0.5588235294117647,gender = MALE,1,8507,NA,NA,synpuf110k
2007,15,0.4411764705882353,gender = FEMALE,1,8532,NA,NA,synpuf110k
2007,4,0.1176470588235294,race = Black or African American,4,8516,NA,NA,synpuf110k
2007,28,0.8235294117647058,race = White,4,8527,NA,NA,synpuf110k
2007,5,0.14705882352941177,age group:  60 -  64,3,0,NA,NA,synpuf110k
2007,29,0.8529411764705882,age group:  65 -  69,3,0,NA,NA,synpuf110k
2007,34,1,index year: 2009,6,0,NA,NA,synpuf110k
2008,63,1,index year: 2009,6,0,NA,NA,synpuf110k
2008,36,0.5714285714285714,age group:  75 -  79,3,0,NA,NA,synpuf110k
2008,27,0.42857142857142855,age group:  70 -  74,3,0,NA,NA,synpuf110k
2008,55,0.873015873015873,race = White,4,8527,NA,NA,synpuf110k
2008,6,0.09523809523809525,race = Black or African American,4,8516,NA,NA,synpuf110k
2008,41,0.6507936507936508,gender = FEMALE,1,8532,NA,NA,synpuf110k
2008,22,0.3492063492063492,gender = MALE,1,8507,NA,NA,synpuf110k
2008,63,1,ethnicity = Not Hispanic or Latino,5,38003564,NA,NA,synpuf110k
2009,1,0.03333333333333333,ethnicity = Hispanic or Latino,5,38003563,NA,NA,synpuf110k
2009,29,0.9666666666666668,ethnicity = Not Hispanic or Latino,5,38003564,NA,NA,synpuf110k
2009,12,0.4,gender = MALE,1,8507,NA,NA,synpuf110k
2009,18,0.6,gender = FEMALE,1,8532,NA,NA,synpuf110k
2009,3,0.1,race = Black or African American,4,8516,NA,NA,synpuf110k
2009,26,0.8666666666666667,race = White,4,8527,NA,NA,synpuf110k
2009,19,0.6333333333333333,age group:  80 -  84,3,0,NA,NA,synpuf110k
2009,11,0.36666666666666664,age group:  85 -  89,3,0,NA,NA,synpuf110k
2009,30,1,index year: 2009,6,0,NA,NA,synpuf110k
2010,7,1,ethnicity = Not Hispanic or Latino,5,38003564,NA,NA,synpuf110k
2010,2,0.2857142857142857,gender = MALE,1,8507,NA,NA,synpuf110k
2010,5,0.7142857142857143,gender = FEMALE,1,8532,NA,NA,synpuf110k
2010,7,1,race = White,4,8527,NA,NA,synpuf110k
2010,4,0.5714285714285714,age group:  90 -  94,3,0,NA,NA,synpuf110k
2010,3,0.42857142857142855,age group:  95 -  99,3,0,NA,NA,synpuf110k
2010,7,1,index year: 2009,6,0,NA,NA,synpuf110k
2012,65,1,index year: 2009,6,0,NA,NA,synpuf110k
2012,1,0.01538461538461538,age group:  95 -  99,3,0,NA,NA,synpuf110k
2012,1,0.01538461538461538,age group:  90 -  94,3,0,NA,NA,synpuf110k
2012,6,0.09230769230769233,age group:  85 -  89,3,0,NA,NA,synpuf110k
2012,6,0.09230769230769233,age group:  80 -  84,3,0,NA,NA,synpuf110k
2012,9,0.13846153846153847,age group:  75 -  79,3,0,NA,NA,synpuf110k
2012,13,0.2,age group:  70 -  74,3,0,NA,NA,synpuf110k
2012,15,0.2307692307692308,age group:  65 -  69,3,0,NA,NA,synpuf110k
2012,4,0.06153846153846154,age group:  60 -  64,3,0,NA,NA,synpuf110k
2012,2,0.03076923076923077,age group:  55 -  59,3,0,NA,NA,synpuf110k
2012,2,0.03076923076923077,age group:  50 -  54,3,0,NA,NA,synpuf110k
2012,2,0.03076923076923077,age group:  45 -  49,3,0,NA,NA,synpuf110k
2012,2,0.03076923076923077,age group:  40 -  44,3,0,NA,NA,synpuf110k
2012,1,0.01538461538461538,age group:  35 -  39,3,0,NA,NA,synpuf110k
2012,1,0.01538461538461538,age group:  25 -  29,3,0,NA,NA,synpuf110k
2012,52,0.8,race = White,4,8527,NA,NA,synpuf110k
2012,10,0.15384615384615383,race = Black or African American,4,8516,NA,NA,synpuf110k
2012,65,1,gender = MALE,1,8507,NA,NA,synpuf110k
2012,63,0.9692307692307692,ethnicity = Not Hispanic or Latino,5,38003564,NA,NA,synpuf110k
2012,2,0.03076923076923077,ethnicity = Hispanic or Latino,5,38003563,NA,NA,synpuf110k
2013,86,1,index year: 2009,6,0,NA,NA,synpuf110k
2013,1,0.01162790697674418,age group: 100 - 104,3,0,NA,NA,synpuf110k
2013,2,0.02325581395348837,age group:  95 -  99,3,0,NA,NA,synpuf110k
2013,3,0.03488372093023256,age group:  90 -  94,3,0,NA,NA,synpuf110k
2013,5,0.05813953488372093,age group:  85 -  89,3,0,NA,NA,synpuf110k
2013,13,0.1511627906976744,age group:  80 -  84,3,0,NA,NA,synpuf110k
2013,27,0.313953488372093,age group:  75 -  79,3,0,NA,NA,synpuf110k
2013,14,0.16279069767441862,age group:  70 -  74,3,0,NA,NA,synpuf110k
2013,14,0.16279069767441862,age group:  65 -  69,3,0,NA,NA,synpuf110k
2013,1,0.01162790697674418,age group:  60 -  64,3,0,NA,NA,synpuf110k
2013,1,0.01162790697674418,age group:  55 -  59,3,0,NA,NA,synpuf110k
2013,1,0.01162790697674418,age group:  50 -  54,3,0,NA,NA,synpuf110k
2013,1,0.01162790697674418,age group:  45 -  49,3,0,NA,NA,synpuf110k
2013,1,0.01162790697674418,age group:  40 -  44,3,0,NA,NA,synpuf110k
2013,1,0.01162790697674418,age group:  30 -  34,3,0,NA,NA,synpuf110k
2013,1,0.01162790697674418,age group:  25 -  29,3,0,NA,NA,synpuf110k
2013,75,0.872093023255814,race = White,4,8527,NA,NA,synpuf110k
2013,4,0.04651162790697674,race = Black or African American,4,8516,NA,NA,synpuf110k
2013,86,1,gender = FEMALE,1,8532,NA,NA,synpuf110k
2013,83,0.9651162790697676,ethnicity = Not Hispanic or Latino,5,38003564,NA,NA,synpuf110k
2013,3,0.03488372093023256,ethnicity = Hispanic or Latino,5,38003563,NA,NA,synpuf110k
2014,14,1,ethnicity = Not Hispanic or Latino,5,38003564,NA,NA,synpuf110k
2014,10,0.7142857142857143,gender = MALE,1,8507,NA,NA,synpuf110k
2014,4,0.2857142857142857,gender = FEMALE,1,8532,NA,NA,synpuf110k
2014,14,1,race = Black or African American,4,8516,NA,NA,synpuf110k
2014,1,0.07142857142857142,age group:  55 -  59,3,0,NA,NA,synpuf110k
2014,2,0.14285714285714285,age group:  60 -  64,3,0,NA,NA,synpuf110k
2014,2,0.14285714285714285,age group:  65 -  69,3,0,NA,NA,synpuf110k
2014,3,0.21428571428571427,age group:  70 -  74,3,0,NA,NA,synpuf110k
2014,3,0.21428571428571427,age group:  75 -  79,3,0,NA,NA,synpuf110k
2014,2,0.14285714285714285,age group:  80 -  84,3,0,NA,NA,synpuf110k
2014,1,0.07142857142857142,age group:  85 -  89,3,0,NA,NA,synpuf110k
2014,14,1,index year: 2009,6,0,NA,NA,synpuf110k
2015,127,1,index year: 2009,6,0,NA,NA,synpuf110k
2015,1,0.00787401574803149,age group: 100 - 104,3,0,NA,NA,synpuf110k
2015,3,0.02362204724409448,age group:  95 -  99,3,0,NA,NA,synpuf110k
2015,4,0.03149606299212598,age group:  90 -  94,3,0,NA,NA,synpuf110k
2015,10,0.07874015748031496,age group:  85 -  89,3,0,NA,NA,synpuf110k
2015,16,0.12598425196850394,age group:  80 -  84,3,0,NA,NA,synpuf110k
2015,31,0.2440944881889764,age group:  75 -  79,3,0,NA,NA,synpuf110k
2015,24,0.1889763779527559,age group:  70 -  74,3,0,NA,NA,synpuf110k
2015,25,0.1968503937007874,age group:  65 -  69,3,0,NA,NA,synpuf110k
2015,3,0.02362204724409448,age group:  60 -  64,3,0,NA,NA,synpuf110k
2015,2,0.01574803149606299,age group:  55 -  59,3,0,NA,NA,synpuf110k
2015,2,0.01574803149606299,age group:  50 -  54,3,0,NA,NA,synpuf110k
2015,3,0.02362204724409448,age group:  45 -  49,3,0,NA,NA,synpuf110k
2015,2,0.01574803149606299,age group:  40 -  44,3,0,NA,NA,synpuf110k
2015,1,0.00787401574803149,age group:  35 -  39,3,0,NA,NA,synpuf110k
2015,127,1,race = White,4,8527,NA,NA,synpuf110k
2015,75,0.5905511811023622,gender = FEMALE,1,8532,NA,NA,synpuf110k
2015,52,0.4094488188976378,gender = MALE,1,8507,NA,NA,synpuf110k
2015,127,1,ethnicity = Not Hispanic or Latino,5,38003564,NA,NA,synpuf110k
2017,5,0.5,ethnicity = Hispanic or Latino,5,38003563,NA,NA,synpuf110k
2017,5,0.5,ethnicity = Not Hispanic or Latino,5,38003564,NA,NA,synpuf110k
2017,3,0.3,gender = MALE,1,8507,NA,NA,synpuf110k
2017,7,0.7,gender = FEMALE,1,8532,NA,NA,synpuf110k
2017,2,0.2,age group:  25 -  29,3,0,NA,NA,synpuf110k
2017,1,0.1,age group:  30 -  34,3,0,NA,NA,synpuf110k
2017,1,0.1,age group:  40 -  44,3,0,NA,NA,synpuf110k
2017,1,0.1,age group:  50 -  54,3,0,NA,NA,synpuf110k
2017,2,0.2,age group:  65 -  69,3,0,NA,NA,synpuf110k
2017,2,0.2,age group:  75 -  79,3,0,NA,NA,synpuf110k
2017,1,0.1,age group:  80 -  84,3,0,NA,NA,synpuf110k
2017,10,1,index year: 2009,6,0,NA,NA,synpuf110k
2019,146,1,index year: 2009,6,0,NA,NA,synpuf110k
2019,1,0.00684931506849315,age group: 100 - 104,3,0,NA,NA,synpuf110k
2019,3,0.02054794520547945,age group:  95 -  99,3,0,NA,NA,synpuf110k
2019,4,0.0273972602739726,age group:  90 -  94,3,0,NA,NA,synpuf110k
2019,11,0.07534246575342465,age group:  85 -  89,3,0,NA,NA,synpuf110k
2019,18,0.1232876712328767,age group:  80 -  84,3,0,NA,NA,synpuf110k
2019,36,0.2465753424657534,age group:  75 -  79,3,0,NA,NA,synpuf110k
2019,27,0.18493150684931503,age group:  70 -  74,3,0,NA,NA,synpuf110k
2019,29,0.19863013698630136,age group:  65 -  69,3,0,NA,NA,synpuf110k
2019,5,0.03424657534246575,age group:  60 -  64,3,0,NA,NA,synpuf110k
2019,3,0.02054794520547945,age group:  55 -  59,3,0,NA,NA,synpuf110k
2019,2,0.0136986301369863,age group:  50 -  54,3,0,NA,NA,synpuf110k
2019,3,0.02054794520547945,age group:  45 -  49,3,0,NA,NA,synpuf110k
2019,3,0.02054794520547945,age group:  40 -  44,3,0,NA,NA,synpuf110k
2019,1,0.00684931506849315,age group:  35 -  39,3,0,NA,NA,synpuf110k
2019,127,0.8698630136986302,race = White,4,8527,NA,NA,synpuf110k
2019,14,0.0958904109589041,race = Black or African American,4,8516,NA,NA,synpuf110k
2019,83,0.5684931506849316,gender = FEMALE,1,8532,NA,NA,synpuf110k
2019,63,0.4315068493150685,gender = MALE,1,8507,NA,NA,synpuf110k
2019,146,1,ethnicity = Not Hispanic or Latino,5,38003564,NA,NA,synpuf110k
3,1,0.05555555555555555,ethnicity = Hispanic or Latino,5,38003563,NA,NA,synpuf110k
3,17,0.9444444444444444,ethnicity = Not Hispanic or Latino,5,38003564,NA,NA,synpuf110k
3,7,0.3888888888888889,gender = MALE,1,8507,NA,NA,synpuf110k
3,11,0.6111111111111112,gender = FEMALE,1,8532,NA,NA,synpuf110k
3,2,0.1111111111111111,race = Black or African American,4,8516,NA,NA,synpuf110k
3,13,0.7222222222222222,race = White,4,8527,NA,NA,synpuf110k
3,2,0.1111111111111111,age group:  40 -  44,3,0,NA,NA,synpuf110k
3,3,0.16666666666666666,age group:  65 -  69,3,0,NA,NA,synpuf110k
3,6,0.3333333333333333,age group:  70 -  74,3,0,NA,NA,synpuf110k
3,3,0.16666666666666666,age group:  75 -  79,3,0,NA,NA,synpuf110k
3,2,0.1111111111111111,age group:  80 -  84,3,0,NA,NA,synpuf110k
3,1,0.05555555555555555,age group:  85 -  89,3,0,NA,NA,synpuf110k
3,1,0.05555555555555555,age group:  90 -  94,3,0,NA,NA,synpuf110k
3,18,1,index year: 2009,6,0,NA,NA,synpuf110k
3008,1,0.1111111111111111,ethnicity = Hispanic or Latino,5,38003563,NA,NA,synpuf110k
3008,8,0.8888888888888888,ethnicity = Not Hispanic or Latino,5,38003564,NA,NA,synpuf110k
3008,2,0.2222222222222222,gender = MALE,1,8507,NA,NA,synpuf110k
3008,7,0.7777777777777778,gender = FEMALE,1,8532,NA,NA,synpuf110k
3008,7,0.7777777777777778,race = White,4,8527,NA,NA,synpuf110k
3008,6,0.6666666666666666,age group:  70 -  74,3,0,NA,NA,synpuf110k
3008,3,0.3333333333333333,age group:  75 -  79,3,0,NA,NA,synpuf110k
3008,9,1,index year: 2009,6,0,NA,NA,synpuf110k
3012,7,1,ethnicity = Not Hispanic or Latino,5,38003564,NA,NA,synpuf110k
3012,7,1,gender = MALE,1,8507,NA,NA,synpuf110k
3012,1,0.14285714285714285,race = Black or African American,4,8516,NA,NA,synpuf110k
3012,4,0.5714285714285714,race = White,4,8527,NA,NA,synpuf110k
3012,2,0.2857142857142857,age group:  40 -  44,3,0,NA,NA,synpuf110k
3012,1,0.14285714285714285,age group:  70 -  74,3,0,NA,NA,synpuf110k
3012,1,0.14285714285714285,age group:  75 -  79,3,0,NA,NA,synpuf110k
3012,1,0.14285714285714285,age group:  80 -  84,3,0,NA,NA,synpuf110k
3012,1,0.14285714285714285,age group:  85 -  89,3,0,NA,NA,synpuf110k
3012,1,0.14285714285714285,age group:  90 -  94,3,0,NA,NA,synpuf110k
3012,7,1,index year: 2009,6,0,NA,NA,synpuf110k
3013,1,0.09090909090909093,ethnicity = Hispanic or Latino,5,38003563,NA,NA,synpuf110k
3013,10,0.9090909090909092,ethnicity = Not Hispanic or Latino,5,38003564,NA,NA,synpuf110k
3013,11,1,gender = FEMALE,1,8532,NA,NA,synpuf110k
3013,1,0.09090909090909093,race = Black or African American,4,8516,NA,NA,synpuf110k
3013,9,0.8181818181818182,race = White,4,8527,NA,NA,synpuf110k
3013,3,0.2727272727272727,age group:  65 -  69,3,0,NA,NA,synpuf110k
3013,5,0.4545454545454546,age group:  70 -  74,3,0,NA,NA,synpuf110k
3013,2,0.18181818181818185,age group:  75 -  79,3,0,NA,NA,synpuf110k
3013,1,0.09090909090909093,age group:  80 -  84,3,0,NA,NA,synpuf110k
3013,11,1,index year: 2009,6,0,NA,NA,synpuf110k
3015,13,1,ethnicity = Not Hispanic or Latino,5,38003564,NA,NA,synpuf110k
3015,4,0.3076923076923077,gender = MALE,1,8507,NA,NA,synpuf110k
3015,9,0.6923076923076923,gender = FEMALE,1,8532,NA,NA,synpuf110k
3015,13,1,race = White,4,8527,NA,NA,synpuf110k
3015,1,0.07692307692307693,age group:  40 -  44,3,0,NA,NA,synpuf110k
3015,2,0.15384615384615383,age group:  65 -  69,3,0,NA,NA,synpuf110k
3015,5,0.38461538461538464,age group:  70 -  74,3,0,NA,NA,synpuf110k
3015,2,0.15384615384615383,age group:  75 -  79,3,0,NA,NA,synpuf110k
3015,2,0.15384615384615383,age group:  80 -  84,3,0,NA,NA,synpuf110k
3015,1,0.07692307692307693,age group:  85 -  89,3,0,NA,NA,synpuf110k
3015,13,1,index year: 2009,6,0,NA,NA,synpuf110k
3019,17,1,ethnicity = Not Hispanic or Latino,5,38003564,NA,NA,synpuf110k
3019,7,0.4117647058823529,gender = MALE,1,8507,NA,NA,synpuf110k
3019,10,0.5882352941176471,gender = FEMALE,1,8532,NA,NA,synpuf110k
3019,2,0.1176470588235294,race = Black or African American,4,8516,NA,NA,synpuf110k
3019,13,0.7647058823529411,race = White,4,8527,NA,NA,synpuf110k
3019,2,0.1176470588235294,age group:  40 -  44,3,0,NA,NA,synpuf110k
3019,3,0.17647058823529413,age group:  65 -  69,3,0,NA,NA,synpuf110k
3019,5,0.29411764705882354,age group:  70 -  74,3,0,NA,NA,synpuf110k
3019,3,0.17647058823529413,age group:  75 -  79,3,0,NA,NA,synpuf110k
3019,2,0.1176470588235294,age group:  80 -  84,3,0,NA,NA,synpuf110k
3019,1,0.0588235294117647,age group:  85 -  89,3,0,NA,NA,synpuf110k
3019,1,0.0588235294117647,age group:  90 -  94,3,0,NA,NA,synpuf110k
3019,17,1,index year: 2009,6,0,NA,NA,synpuf110k
4,17,0.01923076923076923,ethnicity = Hispanic or Latino,5,38003563,NA,NA,synpuf110k
4,867,0.9807692307692308,ethnicity = Not Hispanic or Latino,5,38003564,NA,NA,synpuf110k
4,519,0.5871040723981901,gender = FEMALE,1,8532,NA,NA,synpuf110k
4,365,0.41289592760180993,gender = MALE,1,8507,NA,NA,synpuf110k
4,88,0.0995475113122172,race = Black or African American,4,8516,NA,NA,synpuf110k
4,742,0.8393665158371041,race = White,4,8527,NA,NA,synpuf110k
4,5,0.00565610859728506,age group:  25 -  29,3,0,NA,NA,synpuf110k
4,23,0.02601809954751131,age group:  95 -  99,3,0,NA,NA,synpuf110k
4,91,0.10294117647058824,age group:  85 -  89,3,0,NA,NA,synpuf110k
4,24,0.02714932126696832,age group:  45 -  49,3,0,NA,NA,synpuf110k
4,143,0.16176470588235295,age group:  75 -  79,3,0,NA,NA,synpuf110k
4,29,0.03280542986425339,age group:  90 -  94,3,0,NA,NA,synpuf110k
4,173,0.19570135746606335,age group:  70 -  74,3,0,NA,NA,synpuf110k
4,6,0.00678733031674208,age group: 100 - 104,3,0,NA,NA,synpuf110k
4,13,0.01470588235294117,age group:  35 -  39,3,0,NA,NA,synpuf110k
4,15,0.0169683257918552,age group:  40 -  44,3,0,NA,NA,synpuf110k
4,4,0.00452488687782805,age group:  30 -  34,3,0,NA,NA,synpuf110k
4,24,0.02714932126696832,age group:  50 -  54,3,0,NA,NA,synpuf110k
4,38,0.04298642533936651,age group:  60 -  64,3,0,NA,NA,synpuf110k
4,27,0.03054298642533936,age group:  55 -  59,3,0,NA,NA,synpuf110k
4,156,0.17647058823529413,age group:  65 -  69,3,0,NA,NA,synpuf110k
4,113,0.12782805429864252,age group:  80 -  84,3,0,NA,NA,synpuf110k
4,884,1,index year: 2009,6,0,NA,NA,synpuf110k
4004,17,1,ethnicity = Not Hispanic or Latino,5,38003564,NA,NA,synpuf110k
4004,10,0.5882352941176471,gender = MALE,1,8507,NA,NA,synpuf110k
4004,7,0.4117647058823529,gender = FEMALE,1,8532,NA,NA,synpuf110k
4004,6,0.35294117647058826,race = Black or African American,4,8516,NA,NA,synpuf110k
4004,11,0.6470588235294118,race = White,4,8527,NA,NA,synpuf110k
4004,4,0.2352941176470588,age group:  30 -  34,3,0,NA,NA,synpuf110k
4004,13,0.7647058823529411,age group:  35 -  39,3,0,NA,NA,synpuf110k
4004,17,1,index year: 2009,6,0,NA,NA,synpuf110k
4005,39,1,index year: 2009,6,0,NA,NA,synpuf110k
4005,24,0.6153846153846154,age group:  45 -  49,3,0,NA,NA,synpuf110k
4005,15,0.38461538461538464,age group:  40 -  44,3,0,NA,NA,synpuf110k
4005,28,0.717948717948718,race = White,4,8527,NA,NA,synpuf110k
4005,8,0.20512820512820512,race = Black or African American,4,8516,NA,NA,synpuf110k
4005,18,0.4615384615384616,gender = FEMALE,1,8532,NA,NA,synpuf110k
4005,21,0.5384615384615384,gender = MALE,1,8507,NA,NA,synpuf110k
4005,38,0.97435897435897445,ethnicity = Not Hispanic or Latino,5,38003564,NA,NA,synpuf110k
4005,1,0.02564102564102564,ethnicity = Hispanic or Latino,5,38003563,NA,NA,synpuf110k
4006,51,1,index year: 2009,6,0,NA,NA,synpuf110k
4006,27,0.5294117647058824,age group:  55 -  59,3,0,NA,NA,synpuf110k
4006,24,0.4705882352941176,age group:  50 -  54,3,0,NA,NA,synpuf110k
4006,38,0.7450980392156863,race = White,4,8527,NA,NA,synpuf110k
4006,9,0.17647058823529413,race = Black or African American,4,8516,NA,NA,synpuf110k
4006,24,0.4705882352941176,gender = FEMALE,1,8532,NA,NA,synpuf110k
4006,27,0.5294117647058824,gender = MALE,1,8507,NA,NA,synpuf110k
4006,51,1,ethnicity = Not Hispanic or Latino,5,38003564,NA,NA,synpuf110k
4007,194,1,index year: 2009,6,0,NA,NA,synpuf110k
4007,156,0.8041237113402062,age group:  65 -  69,3,0,NA,NA,synpuf110k
4007,38,0.1958762886597938,age group:  60 -  64,3,0,NA,NA,synpuf110k
4007,169,0.8711340206185567,race = White,4,8527,NA,NA,synpuf110k
4007,19,0.0979381443298969,race = Black or African American,4,8516,NA,NA,synpuf110k
4007,110,0.5670103092783505,gender = FEMALE,1,8532,NA,NA,synpuf110k
4007,84,0.4329896907216495,gender = MALE,1,8507,NA,NA,synpuf110k
4007,193,0.9948453608247424,ethnicity = Not Hispanic or Latino,5,38003564,NA,NA,synpuf110k
4007,1,0.00515463917525773,ethnicity = Hispanic or Latino,5,38003563,NA,NA,synpuf110k
4008,316,1,index year: 2009,6,0,NA,NA,synpuf110k
4008,143,0.4525316455696203,age group:  75 -  79,3,0,NA,NA,synpuf110k
4008,173,0.5474683544303798,age group:  70 -  74,3,0,NA,NA,synpuf110k
4008,267,0.8449367088607594,race = White,4,8527,NA,NA,synpuf110k
4008,26,0.08227848101265822,race = Black or African American,4,8516,NA,NA,synpuf110k
4008,188,0.5949367088607594,gender = FEMALE,1,8532,NA,NA,synpuf110k
4008,128,0.4050632911392405,gender = MALE,1,8507,NA,NA,synpuf110k
4008,307,0.971518987341772,ethnicity = Not Hispanic or Latino,5,38003564,NA,NA,synpuf110k
4008,9,0.02848101265822784,ethnicity = Hispanic or Latino,5,38003563,NA,NA,synpuf110k
4009,204,1,index year: 2009,6,0,NA,NA,synpuf110k
4009,91,0.44607843137254904,age group:  85 -  89,3,0,NA,NA,synpuf110k
4009,113,0.553921568627451,age group:  80 -  84,3,0,NA,NA,synpuf110k
4009,174,0.8529411764705882,race = White,4,8527,NA,NA,synpuf110k
4009,16,0.0784313725490196,race = Black or African American,4,8516,NA,NA,synpuf110k
4009,132,0.6470588235294118,gender = FEMALE,1,8532,NA,NA,synpuf110k
4009,72,0.35294117647058826,gender = MALE,1,8507,NA,NA,synpuf110k
4009,199,0.9754901960784312,ethnicity = Not Hispanic or Latino,5,38003564,NA,NA,synpuf110k
4009,5,0.02450980392156862,ethnicity = Hispanic or Latino,5,38003563,NA,NA,synpuf110k
4010,52,1,index year: 2009,6,0,NA,NA,synpuf110k
4010,23,0.4423076923076923,age group:  95 -  99,3,0,NA,NA,synpuf110k
4010,29,0.5576923076923077,age group:  90 -  94,3,0,NA,NA,synpuf110k
4010,45,0.8653846153846154,race = White,4,8527,NA,NA,synpuf110k
4010,3,0.05769230769230769,race = Black or African American,4,8516,NA,NA,synpuf110k
4010,35,0.6730769230769231,gender = FEMALE,1,8532,NA,NA,synpuf110k
4010,17,0.3269230769230769,gender = MALE,1,8507,NA,NA,synpuf110k
4010,51,0.9807692307692308,ethnicity = Not Hispanic or Latino,5,38003564,NA,NA,synpuf110k
4010,1,0.01923076923076923,ethnicity = Hispanic or Latino,5,38003563,NA,NA,synpuf110k
4011,6,1,ethnicity = Not Hispanic or Latino,5,38003564,NA,NA,synpuf110k
4011,3,0.5,gender = MALE,1,8507,NA,NA,synpuf110k
4011,3,0.5,gender = FEMALE,1,8532,NA,NA,synpuf110k
4011,6,1,race = White,4,8527,NA,NA,synpuf110k
4011,6,1,age group: 100 - 104,3,0,NA,NA,synpuf110k
4011,6,1,index year: 2009,6,0,NA,NA,synpuf110k
4012,365,1,index year: 2009,6,0,NA,NA,synpuf110k
4012,3,0.00821917808219178,age group: 100 - 104,3,0,NA,NA,synpuf110k
4012,6,0.01643835616438356,age group:  95 -  99,3,0,NA,NA,synpuf110k
4012,11,0.03013698630136986,age group:  90 -  94,3,0,NA,NA,synpuf110k
4012,28,0.07671232876712329,age group:  85 -  89,3,0,NA,NA,synpuf110k
4012,44,0.12054794520547946,age group:  80 -  84,3,0,NA,NA,synpuf110k
4012,61,0.16712328767123288,age group:  75 -  79,3,0,NA,NA,synpuf110k
4012,67,0.18356164383561643,age group:  70 -  74,3,0,NA,NA,synpuf110k
4012,67,0.18356164383561643,age group:  65 -  69,3,0,NA,NA,synpuf110k
4012,17,0.04657534246575343,age group:  60 -  64,3,0,NA,NA,synpuf110k
4012,12,0.03287671232876712,age group:  55 -  59,3,0,NA,NA,synpuf110k
4012,15,0.0410958904109589,age group:  50 -  54,3,0,NA,NA,synpuf110k
4012,11,0.03013698630136986,age group:  45 -  49,3,0,NA,NA,synpuf110k
4012,10,0.0273972602739726,age group:  40 -  44,3,0,NA,NA,synpuf110k
4012,7,0.01917808219178082,age group:  35 -  39,3,0,NA,NA,synpuf110k
4012,3,0.00821917808219178,age group:  30 -  34,3,0,NA,NA,synpuf110k
4012,3,0.00821917808219178,age group:  25 -  29,3,0,NA,NA,synpuf110k
4012,308,0.8438356164383561,race = White,4,8527,NA,NA,synpuf110k
4012,38,0.10410958904109588,race = Black or African American,4,8516,NA,NA,synpuf110k
4012,365,1,gender = MALE,1,8507,NA,NA,synpuf110k
4012,363,0.9945205479452056,ethnicity = Not Hispanic or Latino,5,38003564,NA,NA,synpuf110k
4012,2,0.00547945205479452,ethnicity = Hispanic or Latino,5,38003563,NA,NA,synpuf110k
4013,519,1,index year: 2009,6,0,NA,NA,synpuf110k
4013,3,0.00578034682080924,age group: 100 - 104,3,0,NA,NA,synpuf110k
4013,17,0.03275529865125241,age group:  95 -  99,3,0,NA,NA,synpuf110k
4013,18,0.03468208092485549,age group:  90 -  94,3,0,NA,NA,synpuf110k
4013,63,0.1213872832369942,age group:  85 -  89,3,0,NA,NA,synpuf110k
4013,69,0.1329479768786127,age group:  80 -  84,3,0,NA,NA,synpuf110k
4013,82,0.1579961464354528,age group:  75 -  79,3,0,NA,NA,synpuf110k
4013,106,0.2042389210019268,age group:  70 -  74,3,0,NA,NA,synpuf110k
4013,89,0.17148362235067438,age group:  65 -  69,3,0,NA,NA,synpuf110k
4013,21,0.04046242774566474,age group:  60 -  64,3,0,NA,NA,synpuf110k
4013,15,0.02890173410404624,age group:  55 -  59,3,0,NA,NA,synpuf110k
4013,9,0.01734104046242774,age group:  50 -  54,3,0,NA,NA,synpuf110k
4013,13,0.02504816955684007,age group:  45 -  49,3,0,NA,NA,synpuf110k
4013,5,0.00963391136801541,age group:  40 -  44,3,0,NA,NA,synpuf110k
4013,6,0.01156069364161849,age group:  35 -  39,3,0,NA,NA,synpuf110k
4013,1,0.00192678227360308,age group:  30 -  34,3,0,NA,NA,synpuf110k
4013,2,0.00385356454720616,age group:  25 -  29,3,0,NA,NA,synpuf110k
4013,434,0.8362235067437379,race = White,4,8527,NA,NA,synpuf110k
4013,50,0.09633911368015416,race = Black or African American,4,8516,NA,NA,synpuf110k
4013,519,1,gender = FEMALE,1,8532,NA,NA,synpuf110k
4013,504,0.9710982658959536,ethnicity = Not Hispanic or Latino,5,38003564,NA,NA,synpuf110k
4013,15,0.02890173410404624,ethnicity = Hispanic or Latino,5,38003563,NA,NA,synpuf110k
4014,88,1,index year: 2009,6,0,NA,NA,synpuf110k
4014,3,0.03409090909090909,age group:  95 -  99,3,0,NA,NA,synpuf110k
4014,6,0.06818181818181818,age group:  85 -  89,3,0,NA,NA,synpuf110k
4014,10,0.11363636363636365,age group:  80 -  84,3,0,NA,NA,synpuf110k
4014,12,0.13636363636363635,age group:  75 -  79,3,0,NA,NA,synpuf110k
4014,14,0.1590909090909091,age group:  70 -  74,3,0,NA,NA,synpuf110k
4014,11,0.125,age group:  65 -  69,3,0,NA,NA,synpuf110k
4014,8,0.09090909090909093,age group:  60 -  64,3,0,NA,NA,synpuf110k
4014,4,0.04545454545454545,age group:  55 -  59,3,0,NA,NA,synpuf110k
4014,5,0.05681818181818181,age group:  50 -  54,3,0,NA,NA,synpuf110k
4014,5,0.05681818181818181,age group:  45 -  49,3,0,NA,NA,synpuf110k
4014,3,0.03409090909090909,age group:  40 -  44,3,0,NA,NA,synpuf110k
4014,4,0.04545454545454545,age group:  35 -  39,3,0,NA,NA,synpuf110k
4014,2,0.02272727272727272,age group:  30 -  34,3,0,NA,NA,synpuf110k
4014,1,0.01136363636363636,age group:  25 -  29,3,0,NA,NA,synpuf110k
4014,88,1,race = Black or African American,4,8516,NA,NA,synpuf110k
4014,50,0.5681818181818182,gender = FEMALE,1,8532,NA,NA,synpuf110k
4014,38,0.4318181818181818,gender = MALE,1,8507,NA,NA,synpuf110k
4014,88,1,ethnicity = Not Hispanic or Latino,5,38003564,NA,NA,synpuf110k
4015,742,1,index year: 2009,6,0,NA,NA,synpuf110k
4015,6,0.00808625336927223,age group: 100 - 104,3,0,NA,NA,synpuf110k
4015,17,0.022911051212938,age group:  95 -  99,3,0,NA,NA,synpuf110k
4015,28,0.03773584905660377,age group:  90 -  94,3,0,NA,NA,synpuf110k
4015,79,0.1064690026954178,age group:  85 -  89,3,0,NA,NA,synpuf110k
4015,95,0.1280323450134771,age group:  80 -  84,3,0,NA,NA,synpuf110k
4015,124,0.16711590296495957,age group:  75 -  79,3,0,NA,NA,synpuf110k
4015,143,0.192722371967655,age group:  70 -  74,3,0,NA,NA,synpuf110k
4015,140,0.18867924528301888,age group:  65 -  69,3,0,NA,NA,synpuf110k
4015,29,0.03908355795148248,age group:  60 -  64,3,0,NA,NA,synpuf110k
4015,21,0.02830188679245283,age group:  55 -  59,3,0,NA,NA,synpuf110k
4015,17,0.022911051212938,age group:  50 -  54,3,0,NA,NA,synpuf110k
4015,17,0.022911051212938,age group:  45 -  49,3,0,NA,NA,synpuf110k
4015,11,0.01482479784366576,age group:  40 -  44,3,0,NA,NA,synpuf110k
4015,9,0.01212938005390835,age group:  35 -  39,3,0,NA,NA,synpuf110k
4015,2,0.00269541778975741,age group:  30 -  34,3,0,NA,NA,synpuf110k
4015,4,0.00539083557951482,age group:  25 -  29,3,0,NA,NA,synpuf110k
4015,742,1,race = White,4,8527,NA,NA,synpuf110k
4015,434,0.5849056603773585,gender = FEMALE,1,8532,NA,NA,synpuf110k
4015,308,0.41509433962264153,gender = MALE,1,8507,NA,NA,synpuf110k
4015,742,1,ethnicity = Not Hispanic or Latino,5,38003564,NA,NA,synpuf110k
4017,17,0.3148148148148148,ethnicity = Hispanic or Latino,5,38003563,NA,NA,synpuf110k
4017,37,0.6851851851851852,ethnicity = Not Hispanic or Latino,5,38003564,NA,NA,synpuf110k
4017,19,0.35185185185185186,gender = MALE,1,8507,NA,NA,synpuf110k
4017,35,0.6481481481481481,gender = FEMALE,1,8532,NA,NA,synpuf110k
4017,1,0.01851851851851851,age group:  40 -  44,3,0,NA,NA,synpuf110k
4017,2,0.03703703703703703,age group:  45 -  49,3,0,NA,NA,synpuf110k
4017,2,0.03703703703703703,age group:  50 -  54,3,0,NA,NA,synpuf110k
4017,2,0.03703703703703703,age group:  55 -  59,3,0,NA,NA,synpuf110k
4017,1,0.01851851851851851,age group:  60 -  64,3,0,NA,NA,synpuf110k
4017,5,0.0925925925925926,age group:  65 -  69,3,0,NA,NA,synpuf110k
4017,16,0.2962962962962963,age group:  70 -  74,3,0,NA,NA,synpuf110k
4017,7,0.12962962962962962,age group:  75 -  79,3,0,NA,NA,synpuf110k
4017,8,0.14814814814814814,age group:  80 -  84,3,0,NA,NA,synpuf110k
4017,6,0.1111111111111111,age group:  85 -  89,3,0,NA,NA,synpuf110k
4017,1,0.01851851851851851,age group:  90 -  94,3,0,NA,NA,synpuf110k
4017,3,0.05555555555555555,age group:  95 -  99,3,0,NA,NA,synpuf110k
4017,54,1,index year: 2009,6,0,NA,NA,synpuf110k
4018,17,1,ethnicity = Hispanic or Latino,5,38003563,NA,NA,synpuf110k
4018,2,0.1176470588235294,gender = MALE,1,8507,NA,NA,synpuf110k
4018,15,0.8823529411764706,gender = FEMALE,1,8532,NA,NA,synpuf110k
4018,1,0.0588235294117647,age group:  45 -  49,3,0,NA,NA,synpuf110k
4018,1,0.0588235294117647,age group:  65 -  69,3,0,NA,NA,synpuf110k
4018,6,0.35294117647058826,age group:  70 -  74,3,0,NA,NA,synpuf110k
4018,3,0.17647058823529413,age group:  75 -  79,3,0,NA,NA,synpuf110k
4018,3,0.17647058823529413,age group:  80 -  84,3,0,NA,NA,synpuf110k
4018,2,0.1176470588235294,age group:  85 -  89,3,0,NA,NA,synpuf110k
4018,1,0.0588235294117647,age group:  90 -  94,3,0,NA,NA,synpuf110k
4018,17,1,index year: 2009,6,0,NA,NA,synpuf110k
4019,867,1,index year: 2009,6,0,NA,NA,synpuf110k
4019,15,0.01730103806228374,age group:  40 -  44,3,0,NA,NA,synpuf110k
4019,38,0.04382929642445214,age group:  60 -  64,3,0,NA,NA,synpuf110k
4019,23,0.0265282583621684,age group:  95 -  99,3,0,NA,NA,synpuf110k
4019,140,0.16147635524798154,age group:  75 -  79,3,0,NA,NA,synpuf110k
4019,27,0.03114186851211072,age group:  55 -  59,3,0,NA,NA,synpuf110k
4019,23,0.0265282583621684,age group:  45 -  49,3,0,NA,NA,synpuf110k
4019,24,0.02768166089965398,age group:  50 -  54,3,0,NA,NA,synpuf110k
4019,28,0.03229527104959631,age group:  90 -  94,3,0,NA,NA,synpuf110k
4019,6,0.00692041522491349,age group: 100 - 104,3,0,NA,NA,synpuf110k
4019,155,0.1787773933102653,age group:  65 -  69,3,0,NA,NA,synpuf110k
4019,110,0.12687427912341406,age group:  80 -  84,3,0,NA,NA,synpuf110k
4019,4,0.00461361014994233,age group:  30 -  34,3,0,NA,NA,synpuf110k
4019,5,0.00576701268742791,age group:  25 -  29,3,0,NA,NA,synpuf110k
4019,89,0.10265282583621683,age group:  85 -  89,3,0,NA,NA,synpuf110k
4019,167,0.19261822376009227,age group:  70 -  74,3,0,NA,NA,synpuf110k
4019,13,0.01499423298731257,age group:  35 -  39,3,0,NA,NA,synpuf110k
4019,742,0.8558246828143022,race = White,4,8527,NA,NA,synpuf110k
4019,88,0.10149942329873124,race = Black or African American,4,8516,NA,NA,synpuf110k
4019,504,0.5813148788927336,gender = FEMALE,1,8532,NA,NA,synpuf110k
4019,363,0.4186851211072664,gender = MALE,1,8507,NA,NA,synpuf110k
4019,867,1,ethnicity = Not Hispanic or Latino,5,38003564,NA,NA,synpuf110k
6,21,1,index year: 2009,6,0,NA,NA,synpuf110k
6,1,0.04761904761904761,age group:  95 -  99,3,0,NA,NA,synpuf110k
6,1,0.04761904761904761,age group:  90 -  94,3,0,NA,NA,synpuf110k
6,3,0.14285714285714285,age group:  85 -  89,3,0,NA,NA,synpuf110k
6,4,0.1904761904761905,age group:  80 -  84,3,0,NA,NA,synpuf110k
6,6,0.2857142857142857,age group:  75 -  79,3,0,NA,NA,synpuf110k
6,1,0.04761904761904761,age group:  70 -  74,3,0,NA,NA,synpuf110k
6,4,0.1904761904761905,age group:  65 -  69,3,0,NA,NA,synpuf110k
6,1,0.04761904761904761,age group:  55 -  59,3,0,NA,NA,synpuf110k
6,19,0.9047619047619048,race = White,4,8527,NA,NA,synpuf110k
6,1,0.04761904761904761,race = Black or African American,4,8516,NA,NA,synpuf110k
6,7,0.3333333333333333,gender = FEMALE,1,8532,NA,NA,synpuf110k
6,14,0.6666666666666666,gender = MALE,1,8507,NA,NA,synpuf110k
6,21,1,ethnicity = Not Hispanic or Latino,5,38003564,NA,NA,synpuf110k
6008,7,1,ethnicity = Not Hispanic or Latino,5,38003564,NA,NA,synpuf110k
6008,4,0.5714285714285714,gender = MALE,1,8507,NA,NA,synpuf110k
6008,3,0.42857142857142855,gender = FEMALE,1,8532,NA,NA,synpuf110k
6008,7,1,race = White,4,8527,NA,NA,synpuf110k
6008,1,0.14285714285714285,age group:  70 -  74,3,0,NA,NA,synpuf110k
6008,6,0.8571428571428571,age group:  75 -  79,3,0,NA,NA,synpuf110k
6008,7,1,index year: 2009,6,0,NA,NA,synpuf110k
6009,7,1,ethnicity = Not Hispanic or Latino,5,38003564,NA,NA,synpuf110k
6009,6,0.8571428571428571,gender = MALE,1,8507,NA,NA,synpuf110k
6009,1,0.14285714285714285,gender = FEMALE,1,8532,NA,NA,synpuf110k
6009,1,0.14285714285714285,race = Black or African American,4,8516,NA,NA,synpuf110k
6009,6,0.8571428571428571,race = White,4,8527,NA,NA,synpuf110k
6009,4,0.5714285714285714,age group:  80 -  84,3,0,NA,NA,synpuf110k
6009,3,0.42857142857142855,age group:  85 -  89,3,0,NA,NA,synpuf110k
6009,7,1,index year: 2009,6,0,NA,NA,synpuf110k
6012,14,1,ethnicity = Not Hispanic or Latino,5,38003564,NA,NA,synpuf110k
6012,14,1,gender = MALE,1,8507,NA,NA,synpuf110k
6012,1,0.07142857142857142,race = Black or African American,4,8516,NA,NA,synpuf110k
6012,13,0.9285714285714286,race = White,4,8527,NA,NA,synpuf110k
6012,1,0.07142857142857142,age group:  55 -  59,3,0,NA,NA,synpuf110k
6012,2,0.14285714285714285,age group:  65 -  69,3,0,NA,NA,synpuf110k
6012,1,0.07142857142857142,age group:  70 -  74,3,0,NA,NA,synpuf110k
6012,3,0.21428571428571427,age group:  75 -  79,3,0,NA,NA,synpuf110k
6012,3,0.21428571428571427,age group:  80 -  84,3,0,NA,NA,synpuf110k
6012,3,0.21428571428571427,age group:  85 -  89,3,0,NA,NA,synpuf110k
6012,1,0.07142857142857142,age group:  90 -  94,3,0,NA,NA,synpuf110k
6012,14,1,index year: 2009,6,0,NA,NA,synpuf110k
6013,7,1,ethnicity = Not Hispanic or Latino,5,38003564,NA,NA,synpuf110k
6013,7,1,gender = FEMALE,1,8532,NA,NA,synpuf110k
6013,6,0.8571428571428571,race = White,4,8527,NA,NA,synpuf110k
6013,2,0.2857142857142857,age group:  65 -  69,3,0,NA,NA,synpuf110k
6013,3,0.42857142857142855,age group:  75 -  79,3,0,NA,NA,synpuf110k
6013,1,0.14285714285714285,age group:  80 -  84,3,0,NA,NA,synpuf110k
6013,1,0.14285714285714285,age group:  95 -  99,3,0,NA,NA,synpuf110k
6013,7,1,index year: 2009,6,0,NA,NA,synpuf110k
6015,19,1,ethnicity = Not Hispanic or Latino,5,38003564,NA,NA,synpuf110k
6015,13,0.6842105263157895,gender = MALE,1,8507,NA,NA,synpuf110k
6015,6,0.3157894736842105,gender = FEMALE,1,8532,NA,NA,synpuf110k
6015,19,1,race = White,4,8527,NA,NA,synpuf110k
6015,1,0.05263157894736842,age group:  55 -  59,3,0,NA,NA,synpuf110k
6015,3,0.15789473684210523,age group:  65 -  69,3,0,NA,NA,synpuf110k
6015,1,0.05263157894736842,age group:  70 -  74,3,0,NA,NA,synpuf110k
6015,6,0.3157894736842105,age group:  75 -  79,3,0,NA,NA,synpuf110k
6015,4,0.21052631578947367,age group:  80 -  84,3,0,NA,NA,synpuf110k
6015,2,0.10526315789473684,age group:  85 -  89,3,0,NA,NA,synpuf110k
6015,1,0.05263157894736842,age group:  90 -  94,3,0,NA,NA,synpuf110k
6015,1,0.05263157894736842,age group:  95 -  99,3,0,NA,NA,synpuf110k
6015,19,1,index year: 2009,6,0,NA,NA,synpuf110k
6019,21,1,index year: 2009,6,0,NA,NA,synpuf110k
6019,1,0.04761904761904761,age group:  95 -  99,3,0,NA,NA,synpuf110k
6019,1,0.04761904761904761,age group:  90 -  94,3,0,NA,NA,synpuf110k
6019,3,0.14285714285714285,age group:  85 -  89,3,0,NA,NA,synpuf110k
6019,4,0.1904761904761905,age group:  80 -  84,3,0,NA,NA,synpuf110k
6019,6,0.2857142857142857,age group:  75 -  79,3,0,NA,NA,synpuf110k
6019,1,0.04761904761904761,age group:  70 -  74,3,0,NA,NA,synpuf110k
6019,4,0.1904761904761905,age group:  65 -  69,3,0,NA,NA,synpuf110k
6019,1,0.04761904761904761,age group:  55 -  59,3,0,NA,NA,synpuf110k
6019,19,0.9047619047619048,race = White,4,8527,NA,NA,synpuf110k
6019,1,0.04761904761904761,race = Black or African American,4,8516,NA,NA,synpuf110k
6019,7,0.3333333333333333,gender = FEMALE,1,8532,NA,NA,synpuf110k
6019,14,0.6666666666666666,gender = MALE,1,8507,NA,NA,synpuf110k
6019,21,1,ethnicity = Not Hispanic or Latino,5,38003564,NA,NA,synpuf110k
8,271,1,index year: 2009,6,0,NA,NA,synpuf110k
8,2,0.007380073800738,age group: 100 - 104,3,0,NA,NA,synpuf110k
8,10,0.03690036900369004,age group:  95 -  99,3,0,NA,NA,synpuf110k
8,10,0.03690036900369004,age group:  90 -  94,3,0,NA,NA,synpuf110k
8,25,0.09225092250922508,age group:  85 -  89,3,0,NA,NA,synpuf110k
8,33,0.12177121771217712,age group:  80 -  84,3,0,NA,NA,synpuf110k
8,56,0.2066420664206642,age group:  75 -  79,3,0,NA,NA,synpuf110k
8,53,0.1955719557195572,age group:  70 -  74,3,0,NA,NA,synpuf110k
8,39,0.14391143911439114,age group:  65 -  69,3,0,NA,NA,synpuf110k
8,15,0.05535055350553505,age group:  60 -  64,3,0,NA,NA,synpuf110k
8,8,0.02952029520295203,age group:  55 -  59,3,0,NA,NA,synpuf110k
8,9,0.03321033210332103,age group:  50 -  54,3,0,NA,NA,synpuf110k
8,4,0.01476014760147601,age group:  45 -  49,3,0,NA,NA,synpuf110k
8,2,0.007380073800738,age group:  40 -  44,3,0,NA,NA,synpuf110k
8,3,0.01107011070110701,age group:  35 -  39,3,0,NA,NA,synpuf110k
8,2,0.007380073800738,age group:  30 -  34,3,0,NA,NA,synpuf110k
8,231,0.8523985239852399,race = White,4,8527,NA,NA,synpuf110k
8,21,0.07749077490774908,race = Black or African American,4,8516,NA,NA,synpuf110k
8,154,0.5682656826568265,gender = FEMALE,1,8532,NA,NA,synpuf110k
8,117,0.4317343173431734,gender = MALE,1,8507,NA,NA,synpuf110k
8,262,0.966789667896679,ethnicity = Not Hispanic or Latino,5,38003564,NA,NA,synpuf110k
8,9,0.03321033210332103,ethnicity = Hispanic or Latino,5,38003563,NA,NA,synpuf110k
8005,6,1,ethnicity = Not Hispanic or Latino,5,38003564,NA,NA,synpuf110k
8005,3,0.5,gender = MALE,1,8507,NA,NA,synpuf110k
8005,3,0.5,gender = FEMALE,1,8532,NA,NA,synpuf110k
8005,6,1,race = White,4,8527,NA,NA,synpuf110k
8005,2,0.3333333333333333,age group:  40 -  44,3,0,NA,NA,synpuf110k
8005,4,0.6666666666666666,age group:  45 -  49,3,0,NA,NA,synpuf110k
8005,6,1,index year: 2009,6,0,NA,NA,synpuf110k
8006,17,1,ethnicity = Not Hispanic or Latino,5,38003564,NA,NA,synpuf110k
8006,12,0.7058823529411765,gender = MALE,1,8507,NA,NA,synpuf110k
8006,5,0.29411764705882354,gender = FEMALE,1,8532,NA,NA,synpuf110k
8006,3,0.17647058823529413,race = Black or African American,4,8516,NA,NA,synpuf110k
8006,13,0.7647058823529411,race = White,4,8527,NA,NA,synpuf110k
8006,9,0.5294117647058824,age group:  50 -  54,3,0,NA,NA,synpuf110k
8006,8,0.4705882352941176,age group:  55 -  59,3,0,NA,NA,synpuf110k
8006,17,1,index year: 2009,6,0,NA,NA,synpuf110k
8007,54,1,index year: 2009,6,0,NA,NA,synpuf110k
8007,39,0.7222222222222222,age group:  65 -  69,3,0,NA,NA,synpuf110k
8007,15,0.2777777777777778,age group:  60 -  64,3,0,NA,NA,synpuf110k
8007,43,0.7962962962962963,race = White,4,8527,NA,NA,synpuf110k
8007,5,0.0925925925925926,race = Black or African American,4,8516,NA,NA,synpuf110k
8007,30,0.5555555555555556,gender = FEMALE,1,8532,NA,NA,synpuf110k
8007,24,0.4444444444444444,gender = MALE,1,8507,NA,NA,synpuf110k
8007,51,0.9444444444444444,ethnicity = Not Hispanic or Latino,5,38003564,NA,NA,synpuf110k
8007,3,0.05555555555555555,ethnicity = Hispanic or Latino,5,38003563,NA,NA,synpuf110k
8008,109,1,index year: 2009,6,0,NA,NA,synpuf110k
8008,56,0.5137614678899083,age group:  75 -  79,3,0,NA,NA,synpuf110k
8008,53,0.48623853211009177,age group:  70 -  74,3,0,NA,NA,synpuf110k
8008,95,0.8715596330275229,race = White,4,8527,NA,NA,synpuf110k
8008,8,0.07339449541284404,race = Black or African American,4,8516,NA,NA,synpuf110k
8008,62,0.5688073394495413,gender = FEMALE,1,8532,NA,NA,synpuf110k
8008,47,0.43119266055045874,gender = MALE,1,8507,NA,NA,synpuf110k
8008,106,0.9724770642201837,ethnicity = Not Hispanic or Latino,5,38003564,NA,NA,synpuf110k
8008,3,0.02752293577981651,ethnicity = Hispanic or Latino,5,38003563,NA,NA,synpuf110k
8009,58,1,index year: 2009,6,0,NA,NA,synpuf110k
8009,25,0.43103448275862066,age group:  85 -  89,3,0,NA,NA,synpuf110k
8009,33,0.5689655172413793,age group:  80 -  84,3,0,NA,NA,synpuf110k
8009,53,0.913793103448276,race = White,4,8527,NA,NA,synpuf110k
8009,1,0.01724137931034482,race = Black or African American,4,8516,NA,NA,synpuf110k
8009,34,0.5862068965517241,gender = FEMALE,1,8532,NA,NA,synpuf110k
8009,24,0.41379310344827586,gender = MALE,1,8507,NA,NA,synpuf110k
8009,57,0.9827586206896552,ethnicity = Not Hispanic or Latino,5,38003564,NA,NA,synpuf110k
8009,1,0.01724137931034482,ethnicity = Hispanic or Latino,5,38003563,NA,NA,synpuf110k
8010,1,0.05,ethnicity = Hispanic or Latino,5,38003563,NA,NA,synpuf110k
8010,19,0.95,ethnicity = Not Hispanic or Latino,5,38003564,NA,NA,synpuf110k
8010,4,0.2,gender = MALE,1,8507,NA,NA,synpuf110k
8010,16,0.8,gender = FEMALE,1,8532,NA,NA,synpuf110k
8010,3,0.15,race = Black or African American,4,8516,NA,NA,synpuf110k
8010,16,0.8,race = White,4,8527,NA,NA,synpuf110k
8010,10,0.5,age group:  90 -  94,3,0,NA,NA,synpuf110k
8010,10,0.5,age group:  95 -  99,3,0,NA,NA,synpuf110k
8010,20,1,index year: 2009,6,0,NA,NA,synpuf110k
8012,117,1,index year: 2009,6,0,NA,NA,synpuf110k
8012,1,0.00854700854700854,age group: 100 - 104,3,0,NA,NA,synpuf110k
8012,3,0.02564102564102564,age group:  95 -  99,3,0,NA,NA,synpuf110k
8012,1,0.00854700854700854,age group:  90 -  94,3,0,NA,NA,synpuf110k
8012,8,0.06837606837606838,age group:  85 -  89,3,0,NA,NA,synpuf110k
8012,16,0.13675213675213677,age group:  80 -  84,3,0,NA,NA,synpuf110k
8012,24,0.20512820512820512,age group:  75 -  79,3,0,NA,NA,synpuf110k
8012,23,0.19658119658119655,age group:  70 -  74,3,0,NA,NA,synpuf110k
8012,17,0.1452991452991453,age group:  65 -  69,3,0,NA,NA,synpuf110k
8012,7,0.05982905982905983,age group:  60 -  64,3,0,NA,NA,synpuf110k
8012,5,0.04273504273504273,age group:  55 -  59,3,0,NA,NA,synpuf110k
8012,7,0.05982905982905983,age group:  50 -  54,3,0,NA,NA,synpuf110k
8012,3,0.02564102564102564,age group:  45 -  49,3,0,NA,NA,synpuf110k
8012,2,0.01709401709401709,age group:  30 -  34,3,0,NA,NA,synpuf110k
8012,102,0.8717948717948718,race = White,4,8527,NA,NA,synpuf110k
8012,7,0.05982905982905983,race = Black or African American,4,8516,NA,NA,synpuf110k
8012,117,1,gender = MALE,1,8507,NA,NA,synpuf110k
8012,114,0.97435897435897445,ethnicity = Not Hispanic or Latino,5,38003564,NA,NA,synpuf110k
8012,3,0.02564102564102564,ethnicity = Hispanic or Latino,5,38003563,NA,NA,synpuf110k
8013,154,1,index year: 2009,6,0,NA,NA,synpuf110k
8013,1,0.00649350649350649,age group: 100 - 104,3,0,NA,NA,synpuf110k
8013,7,0.04545454545454545,age group:  95 -  99,3,0,NA,NA,synpuf110k
8013,9,0.05844155844155844,age group:  90 -  94,3,0,NA,NA,synpuf110k
8013,17,0.11038961038961038,age group:  85 -  89,3,0,NA,NA,synpuf110k
8013,17,0.11038961038961038,age group:  80 -  84,3,0,NA,NA,synpuf110k
8013,32,0.2077922077922078,age group:  75 -  79,3,0,NA,NA,synpuf110k
8013,30,0.1948051948051948,age group:  70 -  74,3,0,NA,NA,synpuf110k
8013,22,0.14285714285714285,age group:  65 -  69,3,0,NA,NA,synpuf110k
8013,8,0.05194805194805195,age group:  60 -  64,3,0,NA,NA,synpuf110k
8013,3,0.01948051948051948,age group:  55 -  59,3,0,NA,NA,synpuf110k
8013,2,0.01298701298701298,age group:  50 -  54,3,0,NA,NA,synpuf110k
8013,1,0.00649350649350649,age group:  45 -  49,3,0,NA,NA,synpuf110k
8013,2,0.01298701298701298,age group:  40 -  44,3,0,NA,NA,synpuf110k
8013,3,0.01948051948051948,age group:  35 -  39,3,0,NA,NA,synpuf110k
8013,129,0.8376623376623377,race = White,4,8527,NA,NA,synpuf110k
8013,14,0.09090909090909093,race = Black or African American,4,8516,NA,NA,synpuf110k
8013,154,1,gender = FEMALE,1,8532,NA,NA,synpuf110k
8013,148,0.961038961038961,ethnicity = Not Hispanic or Latino,5,38003564,NA,NA,synpuf110k
8013,6,0.03896103896103896,ethnicity = Hispanic or Latino,5,38003563,NA,NA,synpuf110k
8014,21,1,index year: 2009,6,0,NA,NA,synpuf110k
8014,1,0.04761904761904761,age group: 100 - 104,3,0,NA,NA,synpuf110k
8014,1,0.04761904761904761,age group:  95 -  99,3,0,NA,NA,synpuf110k
8014,2,0.09523809523809525,age group:  90 -  94,3,0,NA,NA,synpuf110k
8014,1,0.04761904761904761,age group:  80 -  84,3,0,NA,NA,synpuf110k
8014,4,0.1904761904761905,age group:  75 -  79,3,0,NA,NA,synpuf110k
8014,4,0.1904761904761905,age group:  70 -  74,3,0,NA,NA,synpuf110k
8014,4,0.1904761904761905,age group:  65 -  69,3,0,NA,NA,synpuf110k
8014,1,0.04761904761904761,age group:  60 -  64,3,0,NA,NA,synpuf110k
8014,1,0.04761904761904761,age group:  55 -  59,3,0,NA,NA,synpuf110k
8014,2,0.09523809523809525,age group:  50 -  54,3,0,NA,NA,synpuf110k
8014,21,1,race = Black or African American,4,8516,NA,NA,synpuf110k
8014,14,0.6666666666666666,gender = FEMALE,1,8532,NA,NA,synpuf110k
8014,7,0.3333333333333333,gender = MALE,1,8507,NA,NA,synpuf110k
8014,21,1,ethnicity = Not Hispanic or Latino,5,38003564,NA,NA,synpuf110k
8015,231,1,index year: 2009,6,0,NA,NA,synpuf110k
8015,1,0.00432900432900432,age group: 100 - 104,3,0,NA,NA,synpuf110k
8015,8,0.03463203463203463,age group:  95 -  99,3,0,NA,NA,synpuf110k
8015,8,0.03463203463203463,age group:  90 -  94,3,0,NA,NA,synpuf110k
8015,24,0.1038961038961039,age group:  85 -  89,3,0,NA,NA,synpuf110k
8015,29,0.12554112554112554,age group:  80 -  84,3,0,NA,NA,synpuf110k
8015,49,0.21212121212121213,age group:  75 -  79,3,0,NA,NA,synpuf110k
8015,46,0.1991341991341991,age group:  70 -  74,3,0,NA,NA,synpuf110k
8015,31,0.1341991341991342,age group:  65 -  69,3,0,NA,NA,synpuf110k
8015,12,0.05194805194805195,age group:  60 -  64,3,0,NA,NA,synpuf110k
8015,7,0.0303030303030303,age group:  55 -  59,3,0,NA,NA,synpuf110k
8015,6,0.02597402597402597,age group:  50 -  54,3,0,NA,NA,synpuf110k
8015,4,0.01731601731601731,age group:  45 -  49,3,0,NA,NA,synpuf110k
8015,2,0.00865800865800865,age group:  40 -  44,3,0,NA,NA,synpuf110k
8015,2,0.00865800865800865,age group:  35 -  39,3,0,NA,NA,synpuf110k
8015,2,0.00865800865800865,age group:  30 -  34,3,0,NA,NA,synpuf110k
8015,231,1,race = White,4,8527,NA,NA,synpuf110k
8015,129,0.5584415584415584,gender = FEMALE,1,8532,NA,NA,synpuf110k
8015,102,0.44155844155844154,gender = MALE,1,8507,NA,NA,synpuf110k
8015,231,1,ethnicity = Not Hispanic or Latino,5,38003564,NA,NA,synpuf110k
8017,9,0.47368421052631576,ethnicity = Hispanic or Latino,5,38003563,NA,NA,synpuf110k
8017,10,0.5263157894736842,ethnicity = Not Hispanic or Latino,5,38003564,NA,NA,synpuf110k
8017,8,0.42105263157894735,gender = MALE,1,8507,NA,NA,synpuf110k
8017,11,0.5789473684210527,gender = FEMALE,1,8532,NA,NA,synpuf110k
8017,1,0.05263157894736842,age group:  35 -  39,3,0,NA,NA,synpuf110k
8017,1,0.05263157894736842,age group:  50 -  54,3,0,NA,NA,synpuf110k
8017,2,0.10526315789473684,age group:  60 -  64,3,0,NA,NA,synpuf110k
8017,4,0.21052631578947367,age group:  65 -  69,3,0,NA,NA,synpuf110k
8017,3,0.15789473684210523,age group:  70 -  74,3,0,NA,NA,synpuf110k
8017,3,0.15789473684210523,age group:  75 -  79,3,0,NA,NA,synpuf110k
8017,3,0.15789473684210523,age group:  80 -  84,3,0,NA,NA,synpuf110k
8017,1,0.05263157894736842,age group:  85 -  89,3,0,NA,NA,synpuf110k
8017,1,0.05263157894736842,age group:  95 -  99,3,0,NA,NA,synpuf110k
8017,19,1,index year: 2009,6,0,NA,NA,synpuf110k
8018,9,1,ethnicity = Hispanic or Latino,5,38003563,NA,NA,synpuf110k
8018,3,0.3333333333333333,gender = MALE,1,8507,NA,NA,synpuf110k
8018,6,0.6666666666666666,gender = FEMALE,1,8532,NA,NA,synpuf110k
8018,1,0.1111111111111111,age group:  35 -  39,3,0,NA,NA,synpuf110k
8018,1,0.1111111111111111,age group:  60 -  64,3,0,NA,NA,synpuf110k
8018,2,0.2222222222222222,age group:  65 -  69,3,0,NA,NA,synpuf110k
8018,1,0.1111111111111111,age group:  70 -  74,3,0,NA,NA,synpuf110k
8018,2,0.2222222222222222,age group:  75 -  79,3,0,NA,NA,synpuf110k
8018,1,0.1111111111111111,age group:  80 -  84,3,0,NA,NA,synpuf110k
8018,1,0.1111111111111111,age group:  95 -  99,3,0,NA,NA,synpuf110k
8018,9,1,index year: 2009,6,0,NA,NA,synpuf110k
8019,262,1,index year: 2009,6,0,NA,NA,synpuf110k
8019,2,0.00763358778625954,age group: 100 - 104,3,0,NA,NA,synpuf110k
8019,9,0.03435114503816794,age group:  95 -  99,3,0,NA,NA,synpuf110k
8019,10,0.03816793893129771,age group:  90 -  94,3,0,NA,NA,synpuf110k
8019,25,0.09541984732824428,age group:  85 -  89,3,0,NA,NA,synpuf110k
8019,32,0.12213740458015268,age group:  80 -  84,3,0,NA,NA,synpuf110k
8019,54,0.20610687022900764,age group:  75 -  79,3,0,NA,NA,synpuf110k
8019,52,0.1984732824427481,age group:  70 -  74,3,0,NA,NA,synpuf110k
8019,37,0.14122137404580154,age group:  65 -  69,3,0,NA,NA,synpuf110k
8019,14,0.05343511450381679,age group:  60 -  64,3,0,NA,NA,synpuf110k
8019,8,0.03053435114503816,age group:  55 -  59,3,0,NA,NA,synpuf110k
8019,9,0.03435114503816794,age group:  50 -  54,3,0,NA,NA,synpuf110k
8019,4,0.01526717557251908,age group:  45 -  49,3,0,NA,NA,synpuf110k
8019,2,0.00763358778625954,age group:  40 -  44,3,0,NA,NA,synpuf110k
8019,2,0.00763358778625954,age group:  35 -  39,3,0,NA,NA,synpuf110k
8019,2,0.00763358778625954,age group:  30 -  34,3,0,NA,NA,synpuf110k
8019,231,0.8816793893129771,race = White,4,8527,NA,NA,synpuf110k
8019,21,0.08015267175572519,race = Black or African American,4,8516,NA,NA,synpuf110k
8019,148,0.5648854961832062,gender = FEMALE,1,8532,NA,NA,synpuf110k
8019,114,0.4351145038167939,gender = MALE,1,8507,NA,NA,synpuf110k
8019,262,1,ethnicity = Not Hispanic or Latino,5,38003564,NA,NA,synpuf110k
