cohortId,checksum,timeStamp
1,49cebd95b6215f0b8c6ffeecfc990b07,2024-02-01T20:56:10Z
2,c9a255b3c3263733b711db3fed1f82f6,2024-02-01T20:57:11Z
3,a7588cd889e305111381097ef6961ea5,2024-02-01T20:57:14Z
4,ef71f11b70ba34895d4cab7f28b810fc,2024-02-01T21:04:18Z
5,132c5ff38a6d9014c99050a31a7651fc,2024-02-01T21:05:07Z
6,582a22153650cb3ff281daccf6d8a732,2024-02-01T21:05:15Z
7,dbeffb36869af1767077fdf19bc9e35c,2024-02-01T21:05:50Z
8,e40ba563d1c600998808e2a8d209bd84,2024-02-01T21:06:39Z
9,e97c45c219ec7b764fe0302d66fb7e08,2024-02-01T21:06:40Z
10,a198d45f238ff3ef9156ffff0dc272e5,2024-02-01T21:07:36Z
11,a989a081ca01c90105b5566e03e51e92,2024-02-01T21:08:13Z
12,40be3feff2fb294c36f27b113e134fb1,2024-02-01T21:08:20Z
